SAMEA5569285	ERR3285417	ERX3311926	SAMEA5569285	ERS3371307	PRJEB32230	ERP114880		ERA1840429	ena-RUN-IPK-Gatersleben-18-04-2019-07:56:32:756-1	ena-EXPERIMENT-IPK-Gatersleben-18-04-2019-07:56:32:756-1	1150663	ena-STUDY-IPK-Gatersleben-18-04-2019-07:56:34:155-178	SINGLE	RANDOM	TRANSCRIPTOMIC	RNA-Seq	unspecified	Illumina HiSeq 2500	ILLUMINA	428000000.0	4000000.0	3702	Arabidopsis thaliana	knl2 mutant line (flowering buds)	Illumina HiSeq 2500 sequencing	Transcriptome response to KNL2 depletion in Arabidopsis	Illumina HiSeq 2500 sequencing	knl2 mutant DNA isolated from flower buds	da6395d0cd45f68f9c4d6ac662a1bb8f	341850483	ftp.sra.ebi.ac.uk/vol1/fastq/ERR328/007/ERR3285417/ERR3285417.fastq.gz	ftp.sra.ebi.ac.uk/vol1/fastq/ERR328/007/ERR3285417/ERR3285417.fastq.gz	fasp.sra.ebi.ac.uk:/vol1/fastq/ERR328/007/ERR3285417/ERR3285417.fastq.gz
SAMEA5569285	ERR3285418	ERX3311927	SAMEA5569285	ERS3371307	PRJEB32230	ERP114880		ERA1840429	ena-RUN-IPK-Gatersleben-18-04-2019-07:56:32:756-2	ena-EXPERIMENT-IPK-Gatersleben-18-04-2019-07:56:32:756-2	1150663	ena-STUDY-IPK-Gatersleben-18-04-2019-07:56:34:155-178	SINGLE	RANDOM	TRANSCRIPTOMIC	RNA-Seq	unspecified	Illumina HiSeq 2500	ILLUMINA	428000000.0	4000000.0	3702	Arabidopsis thaliana	knl2 mutant line (flowering buds)	Illumina HiSeq 2500 sequencing	Transcriptome response to KNL2 depletion in Arabidopsis	Illumina HiSeq 2500 sequencing	knl2 mutant DNA isolated from flower buds	fc44ddd1330226cb3a2a11e7e8aa84fd	345966693	ftp.sra.ebi.ac.uk/vol1/fastq/ERR328/008/ERR3285418/ERR3285418.fastq.gz	ftp.sra.ebi.ac.uk/vol1/fastq/ERR328/008/ERR3285418/ERR3285418.fastq.gz	fasp.sra.ebi.ac.uk:/vol1/fastq/ERR328/008/ERR3285418/ERR3285418.fastq.gz
SAMEA5569285	ERR3285419	ERX3311928	SAMEA5569285	ERS3371307	PRJEB32230	ERP114880		ERA1840429	ena-RUN-IPK-Gatersleben-18-04-2019-07:56:32:756-3	ena-EXPERIMENT-IPK-Gatersleben-18-04-2019-07:56:32:756-3	1150663	ena-STUDY-IPK-Gatersleben-18-04-2019-07:56:34:155-178	SINGLE	RANDOM	TRANSCRIPTOMIC	RNA-Seq	unspecified	Illumina HiSeq 2500	ILLUMINA	428000000.0	4000000.0	3702	Arabidopsis thaliana	knl2 mutant line (flowering buds)	Illumina HiSeq 2500 sequencing	Transcriptome response to KNL2 depletion in Arabidopsis	Illumina HiSeq 2500 sequencing	knl2 mutant DNA isolated from flower buds	b45a6c2bf53585d6913463d59d9d2424	344788760	ftp.sra.ebi.ac.uk/vol1/fastq/ERR328/009/ERR3285419/ERR3285419.fastq.gz	ftp.sra.ebi.ac.uk/vol1/fastq/ERR328/009/ERR3285419/ERR3285419.fastq.gz	fasp.sra.ebi.ac.uk:/vol1/fastq/ERR328/009/ERR3285419/ERR3285419.fastq.gz
SAMEA5569285	ERR3285420	ERX3311929	SAMEA5569285	ERS3371307	PRJEB32230	ERP114880		ERA1840429	ena-RUN-IPK-Gatersleben-18-04-2019-07:56:32:756-4	ena-EXPERIMENT-IPK-Gatersleben-18-04-2019-07:56:32:756-4	1150663	ena-STUDY-IPK-Gatersleben-18-04-2019-07:56:34:155-178	SINGLE	RANDOM	TRANSCRIPTOMIC	RNA-Seq	unspecified	Illumina HiSeq 2500	ILLUMINA	428000000.0	4000000.0	3702	Arabidopsis thaliana	knl2 mutant line (flowering buds)	Illumina HiSeq 2500 sequencing	Transcriptome response to KNL2 depletion in Arabidopsis	Illumina HiSeq 2500 sequencing	knl2 mutant DNA isolated from flower buds	fc6c02efd1081043f6b8f3b25e3a66f5	343500340	ftp.sra.ebi.ac.uk/vol1/fastq/ERR328/000/ERR3285420/ERR3285420.fastq.gz	ftp.sra.ebi.ac.uk/vol1/fastq/ERR328/000/ERR3285420/ERR3285420.fastq.gz	fasp.sra.ebi.ac.uk:/vol1/fastq/ERR328/000/ERR3285420/ERR3285420.fastq.gz
SAMEA5569285	ERR3285421	ERX3311930	SAMEA5569285	ERS3371307	PRJEB32230	ERP114880		ERA1840429	ena-RUN-IPK-Gatersleben-18-04-2019-07:56:32:756-5	ena-EXPERIMENT-IPK-Gatersleben-18-04-2019-07:56:32:756-5	1150663	ena-STUDY-IPK-Gatersleben-18-04-2019-07:56:34:155-178	SINGLE	RANDOM	TRANSCRIPTOMIC	RNA-Seq	unspecified	Illumina HiSeq 2500	ILLUMINA	428000000.0	4000000.0	3702	Arabidopsis thaliana	knl2 mutant line (flowering buds)	Illumina HiSeq 2500 sequencing	Transcriptome response to KNL2 depletion in Arabidopsis	Illumina HiSeq 2500 sequencing	knl2 mutant DNA isolated from flower buds	33306144807967b8762277257a509408	338550467	ftp.sra.ebi.ac.uk/vol1/fastq/ERR328/001/ERR3285421/ERR3285421.fastq.gz	ftp.sra.ebi.ac.uk/vol1/fastq/ERR328/001/ERR3285421/ERR3285421.fastq.gz	fasp.sra.ebi.ac.uk:/vol1/fastq/ERR328/001/ERR3285421/ERR3285421.fastq.gz
SAMEA5569285	ERR3285422	ERX3311931	SAMEA5569285	ERS3371307	PRJEB32230	ERP114880		ERA1840429	ena-RUN-IPK-Gatersleben-18-04-2019-07:56:32:756-6	ena-EXPERIMENT-IPK-Gatersleben-18-04-2019-07:56:32:756-6	1150663	ena-STUDY-IPK-Gatersleben-18-04-2019-07:56:34:155-178	SINGLE	RANDOM	TRANSCRIPTOMIC	RNA-Seq	unspecified	Illumina HiSeq 2500	ILLUMINA	428000000.0	4000000.0	3702	Arabidopsis thaliana	knl2 mutant line (flowering buds)	Illumina HiSeq 2500 sequencing	Transcriptome response to KNL2 depletion in Arabidopsis	Illumina HiSeq 2500 sequencing	knl2 mutant DNA isolated from flower buds	c32945b6fa942c408e168021e0f59329	346518502	ftp.sra.ebi.ac.uk/vol1/fastq/ERR328/002/ERR3285422/ERR3285422.fastq.gz	ftp.sra.ebi.ac.uk/vol1/fastq/ERR328/002/ERR3285422/ERR3285422.fastq.gz	fasp.sra.ebi.ac.uk:/vol1/fastq/ERR328/002/ERR3285422/ERR3285422.fastq.gz
SAMEA5569285	ERR3285423	ERX3311932	SAMEA5569285	ERS3371307	PRJEB32230	ERP114880		ERA1840429	ena-RUN-IPK-Gatersleben-18-04-2019-07:56:32:756-7	ena-EXPERIMENT-IPK-Gatersleben-18-04-2019-07:56:32:756-7	1150663	ena-STUDY-IPK-Gatersleben-18-04-2019-07:56:34:155-178	SINGLE	RANDOM	TRANSCRIPTOMIC	RNA-Seq	unspecified	Illumina HiSeq 2500	ILLUMINA	428000000.0	4000000.0	3702	Arabidopsis thaliana	knl2 mutant line (flowering buds)	Illumina HiSeq 2500 sequencing	Transcriptome response to KNL2 depletion in Arabidopsis	Illumina HiSeq 2500 sequencing	knl2 mutant DNA isolated from flower buds	c43e10bc1db4e0efffce984261b267ea	341771281	ftp.sra.ebi.ac.uk/vol1/fastq/ERR328/003/ERR3285423/ERR3285423.fastq.gz	ftp.sra.ebi.ac.uk/vol1/fastq/ERR328/003/ERR3285423/ERR3285423.fastq.gz	fasp.sra.ebi.ac.uk:/vol1/fastq/ERR328/003/ERR3285423/ERR3285423.fastq.gz
SAMEA5569285	ERR3285424	ERX3311933	SAMEA5569285	ERS3371307	PRJEB32230	ERP114880		ERA1840429	ena-RUN-IPK-Gatersleben-18-04-2019-07:56:32:756-8	ena-EXPERIMENT-IPK-Gatersleben-18-04-2019-07:56:32:756-8	1150663	ena-STUDY-IPK-Gatersleben-18-04-2019-07:56:34:155-178	SINGLE	RANDOM	TRANSCRIPTOMIC	RNA-Seq	unspecified	Illumina HiSeq 2500	ILLUMINA	428000000.0	4000000.0	3702	Arabidopsis thaliana	knl2 mutant line (flowering buds)	Illumina HiSeq 2500 sequencing	Transcriptome response to KNL2 depletion in Arabidopsis	Illumina HiSeq 2500 sequencing	knl2 mutant DNA isolated from flower buds	616b4c067f20d82490d26ae8b352bc4b	338188747	ftp.sra.ebi.ac.uk/vol1/fastq/ERR328/004/ERR3285424/ERR3285424.fastq.gz	ftp.sra.ebi.ac.uk/vol1/fastq/ERR328/004/ERR3285424/ERR3285424.fastq.gz	fasp.sra.ebi.ac.uk:/vol1/fastq/ERR328/004/ERR3285424/ERR3285424.fastq.gz
SAMEA5569285	ERR3285425	ERX3311934	SAMEA5569285	ERS3371307	PRJEB32230	ERP114880		ERA1840429	ena-RUN-IPK-Gatersleben-18-04-2019-07:56:32:756-9	ena-EXPERIMENT-IPK-Gatersleben-18-04-2019-07:56:32:756-9	1150663	ena-STUDY-IPK-Gatersleben-18-04-2019-07:56:34:155-178	SINGLE	RANDOM	TRANSCRIPTOMIC	RNA-Seq	unspecified	Illumina HiSeq 2500	ILLUMINA	83608195.0	781385.0	3702	Arabidopsis thaliana	knl2 mutant line (flowering buds)	Illumina HiSeq 2500 sequencing	Transcriptome response to KNL2 depletion in Arabidopsis	Illumina HiSeq 2500 sequencing	knl2 mutant DNA isolated from flower buds	67bfce5b9961f8e4690e21be484ec420	72040421	ftp.sra.ebi.ac.uk/vol1/fastq/ERR328/005/ERR3285425/ERR3285425.fastq.gz	ftp.sra.ebi.ac.uk/vol1/fastq/ERR328/005/ERR3285425/ERR3285425.fastq.gz	fasp.sra.ebi.ac.uk:/vol1/fastq/ERR328/005/ERR3285425/ERR3285425.fastq.gz
SAMEA5569286	ERR3285426	ERX3311935	SAMEA5569286	ERS3371308	PRJEB32230	ERP114880		ERA1840429	ena-RUN-IPK-Gatersleben-18-04-2019-07:56:32:756-10	ena-EXPERIMENT-IPK-Gatersleben-18-04-2019-07:56:32:756-10	1150664	ena-STUDY-IPK-Gatersleben-18-04-2019-07:56:34:155-178	SINGLE	RANDOM	TRANSCRIPTOMIC	RNA-Seq	unspecified	Illumina HiSeq 2500	ILLUMINA	428000000.0	4000000.0	3702	Arabidopsis thaliana	knl2 mutant line (flowering buds)	Illumina HiSeq 2500 sequencing	Transcriptome response to KNL2 depletion in Arabidopsis	Illumina HiSeq 2500 sequencing	knl2 mutant DNA isolated from flower buds	64d02420e263265386e4ba51bb410bd5	341827021	ftp.sra.ebi.ac.uk/vol1/fastq/ERR328/006/ERR3285426/ERR3285426.fastq.gz	ftp.sra.ebi.ac.uk/vol1/fastq/ERR328/006/ERR3285426/ERR3285426.fastq.gz	fasp.sra.ebi.ac.uk:/vol1/fastq/ERR328/006/ERR3285426/ERR3285426.fastq.gz
SAMEA5569286	ERR3285427	ERX3311936	SAMEA5569286	ERS3371308	PRJEB32230	ERP114880		ERA1840429	ena-RUN-IPK-Gatersleben-18-04-2019-07:56:32:756-11	ena-EXPERIMENT-IPK-Gatersleben-18-04-2019-07:56:32:756-11	1150664	ena-STUDY-IPK-Gatersleben-18-04-2019-07:56:34:155-178	SINGLE	RANDOM	TRANSCRIPTOMIC	RNA-Seq	unspecified	Illumina HiSeq 2500	ILLUMINA	428000000.0	4000000.0	3702	Arabidopsis thaliana	knl2 mutant line (flowering buds)	Illumina HiSeq 2500 sequencing	Transcriptome response to KNL2 depletion in Arabidopsis	Illumina HiSeq 2500 sequencing	knl2 mutant DNA isolated from flower buds	14e4a2b1c17fef6570496e2166a51774	343296136	ftp.sra.ebi.ac.uk/vol1/fastq/ERR328/007/ERR3285427/ERR3285427.fastq.gz	ftp.sra.ebi.ac.uk/vol1/fastq/ERR328/007/ERR3285427/ERR3285427.fastq.gz	fasp.sra.ebi.ac.uk:/vol1/fastq/ERR328/007/ERR3285427/ERR3285427.fastq.gz
SAMEA5569286	ERR3285428	ERX3311937	SAMEA5569286	ERS3371308	PRJEB32230	ERP114880		ERA1840429	ena-RUN-IPK-Gatersleben-18-04-2019-07:56:32:756-12	ena-EXPERIMENT-IPK-Gatersleben-18-04-2019-07:56:32:756-12	1150664	ena-STUDY-IPK-Gatersleben-18-04-2019-07:56:34:155-178	SINGLE	RANDOM	TRANSCRIPTOMIC	RNA-Seq	unspecified	Illumina HiSeq 2500	ILLUMINA	428000000.0	4000000.0	3702	Arabidopsis thaliana	knl2 mutant line (flowering buds)	Illumina HiSeq 2500 sequencing	Transcriptome response to KNL2 depletion in Arabidopsis	Illumina HiSeq 2500 sequencing	knl2 mutant DNA isolated from flower buds	67cd841c07041081026852c086d9cf35	341610543	ftp.sra.ebi.ac.uk/vol1/fastq/ERR328/008/ERR3285428/ERR3285428.fastq.gz	ftp.sra.ebi.ac.uk/vol1/fastq/ERR328/008/ERR3285428/ERR3285428.fastq.gz	fasp.sra.ebi.ac.uk:/vol1/fastq/ERR328/008/ERR3285428/ERR3285428.fastq.gz
SAMEA5569286	ERR3285429	ERX3311938	SAMEA5569286	ERS3371308	PRJEB32230	ERP114880		ERA1840429	ena-RUN-IPK-Gatersleben-18-04-2019-07:56:32:756-13	ena-EXPERIMENT-IPK-Gatersleben-18-04-2019-07:56:32:756-13	1150664	ena-STUDY-IPK-Gatersleben-18-04-2019-07:56:34:155-178	SINGLE	RANDOM	TRANSCRIPTOMIC	RNA-Seq	unspecified	Illumina HiSeq 2500	ILLUMINA	428000000.0	4000000.0	3702	Arabidopsis thaliana	knl2 mutant line (flowering buds)	Illumina HiSeq 2500 sequencing	Transcriptome response to KNL2 depletion in Arabidopsis	Illumina HiSeq 2500 sequencing	knl2 mutant DNA isolated from flower buds	618ef8f5dc00416d6ed7f4cef55ea8d6	342729527	ftp.sra.ebi.ac.uk/vol1/fastq/ERR328/009/ERR3285429/ERR3285429.fastq.gz	ftp.sra.ebi.ac.uk/vol1/fastq/ERR328/009/ERR3285429/ERR3285429.fastq.gz	fasp.sra.ebi.ac.uk:/vol1/fastq/ERR328/009/ERR3285429/ERR3285429.fastq.gz
SAMEA5569286	ERR3285430	ERX3311939	SAMEA5569286	ERS3371308	PRJEB32230	ERP114880		ERA1840429	ena-RUN-IPK-Gatersleben-18-04-2019-07:56:32:757-14	ena-EXPERIMENT-IPK-Gatersleben-18-04-2019-07:56:32:756-14	1150664	ena-STUDY-IPK-Gatersleben-18-04-2019-07:56:34:155-178	SINGLE	RANDOM	TRANSCRIPTOMIC	RNA-Seq	unspecified	Illumina HiSeq 2500	ILLUMINA	428000000.0	4000000.0	3702	Arabidopsis thaliana	knl2 mutant line (flowering buds)	Illumina HiSeq 2500 sequencing	Transcriptome response to KNL2 depletion in Arabidopsis	Illumina HiSeq 2500 sequencing	knl2 mutant DNA isolated from flower buds	1c13a5593c6843f84eaf7985cc904c1a	346262412	ftp.sra.ebi.ac.uk/vol1/fastq/ERR328/000/ERR3285430/ERR3285430.fastq.gz	ftp.sra.ebi.ac.uk/vol1/fastq/ERR328/000/ERR3285430/ERR3285430.fastq.gz	fasp.sra.ebi.ac.uk:/vol1/fastq/ERR328/000/ERR3285430/ERR3285430.fastq.gz
SAMEA5569286	ERR3285431	ERX3311940	SAMEA5569286	ERS3371308	PRJEB32230	ERP114880		ERA1840429	ena-RUN-IPK-Gatersleben-18-04-2019-07:56:32:757-15	ena-EXPERIMENT-IPK-Gatersleben-18-04-2019-07:56:32:757-15	1150664	ena-STUDY-IPK-Gatersleben-18-04-2019-07:56:34:155-178	SINGLE	RANDOM	TRANSCRIPTOMIC	RNA-Seq	unspecified	Illumina HiSeq 2500	ILLUMINA	428000000.0	4000000.0	3702	Arabidopsis thaliana	knl2 mutant line (flowering buds)	Illumina HiSeq 2500 sequencing	Transcriptome response to KNL2 depletion in Arabidopsis	Illumina HiSeq 2500 sequencing	knl2 mutant DNA isolated from flower buds	dddb821feedf56fb7c889e1bc661c0a5	335236256	ftp.sra.ebi.ac.uk/vol1/fastq/ERR328/001/ERR3285431/ERR3285431.fastq.gz	ftp.sra.ebi.ac.uk/vol1/fastq/ERR328/001/ERR3285431/ERR3285431.fastq.gz	fasp.sra.ebi.ac.uk:/vol1/fastq/ERR328/001/ERR3285431/ERR3285431.fastq.gz
SAMEA5569286	ERR3285432	ERX3311941	SAMEA5569286	ERS3371308	PRJEB32230	ERP114880		ERA1840429	ena-RUN-IPK-Gatersleben-18-04-2019-07:56:32:757-16	ena-EXPERIMENT-IPK-Gatersleben-18-04-2019-07:56:32:757-16	1150664	ena-STUDY-IPK-Gatersleben-18-04-2019-07:56:34:155-178	SINGLE	RANDOM	TRANSCRIPTOMIC	RNA-Seq	unspecified	Illumina HiSeq 2500	ILLUMINA	428000000.0	4000000.0	3702	Arabidopsis thaliana	knl2 mutant line (flowering buds)	Illumina HiSeq 2500 sequencing	Transcriptome response to KNL2 depletion in Arabidopsis	Illumina HiSeq 2500 sequencing	knl2 mutant DNA isolated from flower buds	3aca76d8d64d84c2f47bd5956e89dfd3	338638780	ftp.sra.ebi.ac.uk/vol1/fastq/ERR328/002/ERR3285432/ERR3285432.fastq.gz	ftp.sra.ebi.ac.uk/vol1/fastq/ERR328/002/ERR3285432/ERR3285432.fastq.gz	fasp.sra.ebi.ac.uk:/vol1/fastq/ERR328/002/ERR3285432/ERR3285432.fastq.gz
SAMEA5569286	ERR3285433	ERX3311942	SAMEA5569286	ERS3371308	PRJEB32230	ERP114880		ERA1840429	ena-RUN-IPK-Gatersleben-18-04-2019-07:56:32:757-17	ena-EXPERIMENT-IPK-Gatersleben-18-04-2019-07:56:32:757-17	1150664	ena-STUDY-IPK-Gatersleben-18-04-2019-07:56:34:155-178	SINGLE	RANDOM	TRANSCRIPTOMIC	RNA-Seq	unspecified	Illumina HiSeq 2500	ILLUMINA	184908840.0	1728120.0	3702	Arabidopsis thaliana	knl2 mutant line (flowering buds)	Illumina HiSeq 2500 sequencing	Transcriptome response to KNL2 depletion in Arabidopsis	Illumina HiSeq 2500 sequencing	knl2 mutant DNA isolated from flower buds	e56559ed150249f8ad71eea4297128a7	153317858	ftp.sra.ebi.ac.uk/vol1/fastq/ERR328/003/ERR3285433/ERR3285433.fastq.gz	ftp.sra.ebi.ac.uk/vol1/fastq/ERR328/003/ERR3285433/ERR3285433.fastq.gz	fasp.sra.ebi.ac.uk:/vol1/fastq/ERR328/003/ERR3285433/ERR3285433.fastq.gz
SAMEA5569287	ERR3285434	ERX3311943	SAMEA5569287	ERS3371309	PRJEB32230	ERP114880		ERA1840429	ena-RUN-IPK-Gatersleben-18-04-2019-07:56:32:757-18	ena-EXPERIMENT-IPK-Gatersleben-18-04-2019-07:56:32:757-18	1150665	ena-STUDY-IPK-Gatersleben-18-04-2019-07:56:34:155-178	SINGLE	RANDOM	TRANSCRIPTOMIC	RNA-Seq	unspecified	Illumina HiSeq 2500	ILLUMINA	428000000.0	4000000.0	3702	Arabidopsis thaliana	knl2 mutant line (flowering buds)	Illumina HiSeq 2500 sequencing	Transcriptome response to KNL2 depletion in Arabidopsis	Illumina HiSeq 2500 sequencing	knl2 mutant DNA isolated from flower buds	6245f0b94cf6832971c9115c3a0f9748	339909906	ftp.sra.ebi.ac.uk/vol1/fastq/ERR328/004/ERR3285434/ERR3285434.fastq.gz	ftp.sra.ebi.ac.uk/vol1/fastq/ERR328/004/ERR3285434/ERR3285434.fastq.gz	fasp.sra.ebi.ac.uk:/vol1/fastq/ERR328/004/ERR3285434/ERR3285434.fastq.gz
SAMEA5569287	ERR3285435	ERX3311944	SAMEA5569287	ERS3371309	PRJEB32230	ERP114880		ERA1840429	ena-RUN-IPK-Gatersleben-18-04-2019-07:56:32:757-19	ena-EXPERIMENT-IPK-Gatersleben-18-04-2019-07:56:32:757-19	1150665	ena-STUDY-IPK-Gatersleben-18-04-2019-07:56:34:155-178	SINGLE	RANDOM	TRANSCRIPTOMIC	RNA-Seq	unspecified	Illumina HiSeq 2500	ILLUMINA	428000000.0	4000000.0	3702	Arabidopsis thaliana	knl2 mutant line (flowering buds)	Illumina HiSeq 2500 sequencing	Transcriptome response to KNL2 depletion in Arabidopsis	Illumina HiSeq 2500 sequencing	knl2 mutant DNA isolated from flower buds	b5c0a06125cd344173b3d736cf70158a	345225589	ftp.sra.ebi.ac.uk/vol1/fastq/ERR328/005/ERR3285435/ERR3285435.fastq.gz	ftp.sra.ebi.ac.uk/vol1/fastq/ERR328/005/ERR3285435/ERR3285435.fastq.gz	fasp.sra.ebi.ac.uk:/vol1/fastq/ERR328/005/ERR3285435/ERR3285435.fastq.gz
SAMEA5569287	ERR3285436	ERX3311945	SAMEA5569287	ERS3371309	PRJEB32230	ERP114880		ERA1840429	ena-RUN-IPK-Gatersleben-18-04-2019-07:56:32:757-20	ena-EXPERIMENT-IPK-Gatersleben-18-04-2019-07:56:32:757-20	1150665	ena-STUDY-IPK-Gatersleben-18-04-2019-07:56:34:155-178	SINGLE	RANDOM	TRANSCRIPTOMIC	RNA-Seq	unspecified	Illumina HiSeq 2500	ILLUMINA	428000000.0	4000000.0	3702	Arabidopsis thaliana	knl2 mutant line (flowering buds)	Illumina HiSeq 2500 sequencing	Transcriptome response to KNL2 depletion in Arabidopsis	Illumina HiSeq 2500 sequencing	knl2 mutant DNA isolated from flower buds	b332689cc2041b6752b1c02f61033527	343920578	ftp.sra.ebi.ac.uk/vol1/fastq/ERR328/006/ERR3285436/ERR3285436.fastq.gz	ftp.sra.ebi.ac.uk/vol1/fastq/ERR328/006/ERR3285436/ERR3285436.fastq.gz	fasp.sra.ebi.ac.uk:/vol1/fastq/ERR328/006/ERR3285436/ERR3285436.fastq.gz
SAMEA5569287	ERR3285437	ERX3311946	SAMEA5569287	ERS3371309	PRJEB32230	ERP114880		ERA1840429	ena-RUN-IPK-Gatersleben-18-04-2019-07:56:32:757-21	ena-EXPERIMENT-IPK-Gatersleben-18-04-2019-07:56:32:757-21	1150665	ena-STUDY-IPK-Gatersleben-18-04-2019-07:56:34:155-178	SINGLE	RANDOM	TRANSCRIPTOMIC	RNA-Seq	unspecified	Illumina HiSeq 2500	ILLUMINA	428000000.0	4000000.0	3702	Arabidopsis thaliana	knl2 mutant line (flowering buds)	Illumina HiSeq 2500 sequencing	Transcriptome response to KNL2 depletion in Arabidopsis	Illumina HiSeq 2500 sequencing	knl2 mutant DNA isolated from flower buds	beb5e2dcce197b76bf6967cb5fe0dc24	338673566	ftp.sra.ebi.ac.uk/vol1/fastq/ERR328/007/ERR3285437/ERR3285437.fastq.gz	ftp.sra.ebi.ac.uk/vol1/fastq/ERR328/007/ERR3285437/ERR3285437.fastq.gz	fasp.sra.ebi.ac.uk:/vol1/fastq/ERR328/007/ERR3285437/ERR3285437.fastq.gz
SAMEA5569287	ERR3285438	ERX3311947	SAMEA5569287	ERS3371309	PRJEB32230	ERP114880		ERA1840429	ena-RUN-IPK-Gatersleben-18-04-2019-07:56:32:757-22	ena-EXPERIMENT-IPK-Gatersleben-18-04-2019-07:56:32:757-22	1150665	ena-STUDY-IPK-Gatersleben-18-04-2019-07:56:34:155-178	SINGLE	RANDOM	TRANSCRIPTOMIC	RNA-Seq	unspecified	Illumina HiSeq 2500	ILLUMINA	428000000.0	4000000.0	3702	Arabidopsis thaliana	knl2 mutant line (flowering buds)	Illumina HiSeq 2500 sequencing	Transcriptome response to KNL2 depletion in Arabidopsis	Illumina HiSeq 2500 sequencing	knl2 mutant DNA isolated from flower buds	a3ff171dc3309f2698067a7fa0b3049b	338405656	ftp.sra.ebi.ac.uk/vol1/fastq/ERR328/008/ERR3285438/ERR3285438.fastq.gz	ftp.sra.ebi.ac.uk/vol1/fastq/ERR328/008/ERR3285438/ERR3285438.fastq.gz	fasp.sra.ebi.ac.uk:/vol1/fastq/ERR328/008/ERR3285438/ERR3285438.fastq.gz
SAMEA5569287	ERR3285439	ERX3311948	SAMEA5569287	ERS3371309	PRJEB32230	ERP114880		ERA1840429	ena-RUN-IPK-Gatersleben-18-04-2019-07:56:32:757-23	ena-EXPERIMENT-IPK-Gatersleben-18-04-2019-07:56:32:757-23	1150665	ena-STUDY-IPK-Gatersleben-18-04-2019-07:56:34:155-178	SINGLE	RANDOM	TRANSCRIPTOMIC	RNA-Seq	unspecified	Illumina HiSeq 2500	ILLUMINA	428000000.0	4000000.0	3702	Arabidopsis thaliana	knl2 mutant line (flowering buds)	Illumina HiSeq 2500 sequencing	Transcriptome response to KNL2 depletion in Arabidopsis	Illumina HiSeq 2500 sequencing	knl2 mutant DNA isolated from flower buds	a895521232633bcb04dbcf69a196c6bd	346127980	ftp.sra.ebi.ac.uk/vol1/fastq/ERR328/009/ERR3285439/ERR3285439.fastq.gz	ftp.sra.ebi.ac.uk/vol1/fastq/ERR328/009/ERR3285439/ERR3285439.fastq.gz	fasp.sra.ebi.ac.uk:/vol1/fastq/ERR328/009/ERR3285439/ERR3285439.fastq.gz
SAMEA5569287	ERR3285440	ERX3311949	SAMEA5569287	ERS3371309	PRJEB32230	ERP114880		ERA1840429	ena-RUN-IPK-Gatersleben-18-04-2019-07:56:32:757-24	ena-EXPERIMENT-IPK-Gatersleben-18-04-2019-07:56:32:757-24	1150665	ena-STUDY-IPK-Gatersleben-18-04-2019-07:56:34:155-178	SINGLE	RANDOM	TRANSCRIPTOMIC	RNA-Seq	unspecified	Illumina HiSeq 2500	ILLUMINA	428000000.0	4000000.0	3702	Arabidopsis thaliana	knl2 mutant line (flowering buds)	Illumina HiSeq 2500 sequencing	Transcriptome response to KNL2 depletion in Arabidopsis	Illumina HiSeq 2500 sequencing	knl2 mutant DNA isolated from flower buds	4753d93a96edc30923e002f0075cbffd	339798955	ftp.sra.ebi.ac.uk/vol1/fastq/ERR328/000/ERR3285440/ERR3285440.fastq.gz	ftp.sra.ebi.ac.uk/vol1/fastq/ERR328/000/ERR3285440/ERR3285440.fastq.gz	fasp.sra.ebi.ac.uk:/vol1/fastq/ERR328/000/ERR3285440/ERR3285440.fastq.gz
SAMEA5569287	ERR3285441	ERX3311950	SAMEA5569287	ERS3371309	PRJEB32230	ERP114880		ERA1840429	ena-RUN-IPK-Gatersleben-18-04-2019-07:56:32:757-25	ena-EXPERIMENT-IPK-Gatersleben-18-04-2019-07:56:32:757-25	1150665	ena-STUDY-IPK-Gatersleben-18-04-2019-07:56:34:155-178	SINGLE	RANDOM	TRANSCRIPTOMIC	RNA-Seq	unspecified	Illumina HiSeq 2500	ILLUMINA	428000000.0	4000000.0	3702	Arabidopsis thaliana	knl2 mutant line (flowering buds)	Illumina HiSeq 2500 sequencing	Transcriptome response to KNL2 depletion in Arabidopsis	Illumina HiSeq 2500 sequencing	knl2 mutant DNA isolated from flower buds	d360d0f270347786affdb327ee861c6d	334308093	ftp.sra.ebi.ac.uk/vol1/fastq/ERR328/001/ERR3285441/ERR3285441.fastq.gz	ftp.sra.ebi.ac.uk/vol1/fastq/ERR328/001/ERR3285441/ERR3285441.fastq.gz	fasp.sra.ebi.ac.uk:/vol1/fastq/ERR328/001/ERR3285441/ERR3285441.fastq.gz
SAMEA5569287	ERR3285442	ERX3311951	SAMEA5569287	ERS3371309	PRJEB32230	ERP114880		ERA1840429	ena-RUN-IPK-Gatersleben-18-04-2019-07:56:32:757-26	ena-EXPERIMENT-IPK-Gatersleben-18-04-2019-07:56:32:757-26	1150665	ena-STUDY-IPK-Gatersleben-18-04-2019-07:56:34:155-178	SINGLE	RANDOM	TRANSCRIPTOMIC	RNA-Seq	unspecified	Illumina HiSeq 2500	ILLUMINA	203910007.0	1905701.0	3702	Arabidopsis thaliana	knl2 mutant line (flowering buds)	Illumina HiSeq 2500 sequencing	Transcriptome response to KNL2 depletion in Arabidopsis	Illumina HiSeq 2500 sequencing	knl2 mutant DNA isolated from flower buds	d822f0c24f49a7cbccce77d0c39dbe8a	169016480	ftp.sra.ebi.ac.uk/vol1/fastq/ERR328/002/ERR3285442/ERR3285442.fastq.gz	ftp.sra.ebi.ac.uk/vol1/fastq/ERR328/002/ERR3285442/ERR3285442.fastq.gz	fasp.sra.ebi.ac.uk:/vol1/fastq/ERR328/002/ERR3285442/ERR3285442.fastq.gz
SAMEA5569288	ERR3285443	ERX3311952	SAMEA5569288	ERS3371310	PRJEB32230	ERP114880		ERA1840429	ena-RUN-IPK-Gatersleben-18-04-2019-07:56:32:757-27	ena-EXPERIMENT-IPK-Gatersleben-18-04-2019-07:56:32:757-27	1150666	ena-STUDY-IPK-Gatersleben-18-04-2019-07:56:34:155-178	SINGLE	RANDOM	TRANSCRIPTOMIC	RNA-Seq	unspecified	Illumina HiSeq 2500	ILLUMINA	428000000.0	4000000.0	3702	Arabidopsis thaliana	Wild type Col-0 (flowering buds)	Illumina HiSeq 2500 sequencing	Transcriptome response to KNL2 depletion in Arabidopsis	Illumina HiSeq 2500 sequencing	Wild type Col-0  DNA isolated from flowering buds	e5652d9ab18d0c7f0de3a1f71b418185	342672708	ftp.sra.ebi.ac.uk/vol1/fastq/ERR328/003/ERR3285443/ERR3285443.fastq.gz	ftp.sra.ebi.ac.uk/vol1/fastq/ERR328/003/ERR3285443/ERR3285443.fastq.gz	fasp.sra.ebi.ac.uk:/vol1/fastq/ERR328/003/ERR3285443/ERR3285443.fastq.gz
SAMEA5569288	ERR3285444	ERX3311953	SAMEA5569288	ERS3371310	PRJEB32230	ERP114880		ERA1840429	ena-RUN-IPK-Gatersleben-18-04-2019-07:56:32:757-28	ena-EXPERIMENT-IPK-Gatersleben-18-04-2019-07:56:32:757-28	1150666	ena-STUDY-IPK-Gatersleben-18-04-2019-07:56:34:155-178	SINGLE	RANDOM	TRANSCRIPTOMIC	RNA-Seq	unspecified	Illumina HiSeq 2500	ILLUMINA	428000000.0	4000000.0	3702	Arabidopsis thaliana	Wild type Col-0 (flowering buds)	Illumina HiSeq 2500 sequencing	Transcriptome response to KNL2 depletion in Arabidopsis	Illumina HiSeq 2500 sequencing	Wild type Col-0  DNA isolated from flowering buds	299502e4eefae31be512a6d6a93c24de	343755036	ftp.sra.ebi.ac.uk/vol1/fastq/ERR328/004/ERR3285444/ERR3285444.fastq.gz	ftp.sra.ebi.ac.uk/vol1/fastq/ERR328/004/ERR3285444/ERR3285444.fastq.gz	fasp.sra.ebi.ac.uk:/vol1/fastq/ERR328/004/ERR3285444/ERR3285444.fastq.gz
SAMEA5569288	ERR3285445	ERX3311954	SAMEA5569288	ERS3371310	PRJEB32230	ERP114880		ERA1840429	ena-RUN-IPK-Gatersleben-18-04-2019-07:56:32:757-29	ena-EXPERIMENT-IPK-Gatersleben-18-04-2019-07:56:32:757-29	1150666	ena-STUDY-IPK-Gatersleben-18-04-2019-07:56:34:155-178	SINGLE	RANDOM	TRANSCRIPTOMIC	RNA-Seq	unspecified	Illumina HiSeq 2500	ILLUMINA	428000000.0	4000000.0	3702	Arabidopsis thaliana	Wild type Col-0 (flowering buds)	Illumina HiSeq 2500 sequencing	Transcriptome response to KNL2 depletion in Arabidopsis	Illumina HiSeq 2500 sequencing	Wild type Col-0  DNA isolated from flowering buds	eb7470fac8e2e431fd11209987801493	342168646	ftp.sra.ebi.ac.uk/vol1/fastq/ERR328/005/ERR3285445/ERR3285445.fastq.gz	ftp.sra.ebi.ac.uk/vol1/fastq/ERR328/005/ERR3285445/ERR3285445.fastq.gz	fasp.sra.ebi.ac.uk:/vol1/fastq/ERR328/005/ERR3285445/ERR3285445.fastq.gz
SAMEA5569288	ERR3285446	ERX3311955	SAMEA5569288	ERS3371310	PRJEB32230	ERP114880		ERA1840429	ena-RUN-IPK-Gatersleben-18-04-2019-07:56:32:757-30	ena-EXPERIMENT-IPK-Gatersleben-18-04-2019-07:56:32:757-30	1150666	ena-STUDY-IPK-Gatersleben-18-04-2019-07:56:34:155-178	SINGLE	RANDOM	TRANSCRIPTOMIC	RNA-Seq	unspecified	Illumina HiSeq 2500	ILLUMINA	428000000.0	4000000.0	3702	Arabidopsis thaliana	Wild type Col-0 (flowering buds)	Illumina HiSeq 2500 sequencing	Transcriptome response to KNL2 depletion in Arabidopsis	Illumina HiSeq 2500 sequencing	Wild type Col-0  DNA isolated from flowering buds	b6ded2e14103de3d8605cea3cb8bd691	343284326	ftp.sra.ebi.ac.uk/vol1/fastq/ERR328/006/ERR3285446/ERR3285446.fastq.gz	ftp.sra.ebi.ac.uk/vol1/fastq/ERR328/006/ERR3285446/ERR3285446.fastq.gz	fasp.sra.ebi.ac.uk:/vol1/fastq/ERR328/006/ERR3285446/ERR3285446.fastq.gz
SAMEA5569288	ERR3285447	ERX3311956	SAMEA5569288	ERS3371310	PRJEB32230	ERP114880		ERA1840429	ena-RUN-IPK-Gatersleben-18-04-2019-07:56:32:757-31	ena-EXPERIMENT-IPK-Gatersleben-18-04-2019-07:56:32:757-31	1150666	ena-STUDY-IPK-Gatersleben-18-04-2019-07:56:34:155-178	SINGLE	RANDOM	TRANSCRIPTOMIC	RNA-Seq	unspecified	Illumina HiSeq 2500	ILLUMINA	428000000.0	4000000.0	3702	Arabidopsis thaliana	Wild type Col-0 (flowering buds)	Illumina HiSeq 2500 sequencing	Transcriptome response to KNL2 depletion in Arabidopsis	Illumina HiSeq 2500 sequencing	Wild type Col-0  DNA isolated from flowering buds	8a4af13d9c093a6662ae18ed60780fc7	346783713	ftp.sra.ebi.ac.uk/vol1/fastq/ERR328/007/ERR3285447/ERR3285447.fastq.gz	ftp.sra.ebi.ac.uk/vol1/fastq/ERR328/007/ERR3285447/ERR3285447.fastq.gz	fasp.sra.ebi.ac.uk:/vol1/fastq/ERR328/007/ERR3285447/ERR3285447.fastq.gz
SAMEA5569288	ERR3285448	ERX3311957	SAMEA5569288	ERS3371310	PRJEB32230	ERP114880		ERA1840429	ena-RUN-IPK-Gatersleben-18-04-2019-07:56:32:757-32	ena-EXPERIMENT-IPK-Gatersleben-18-04-2019-07:56:32:757-32	1150666	ena-STUDY-IPK-Gatersleben-18-04-2019-07:56:34:155-178	SINGLE	RANDOM	TRANSCRIPTOMIC	RNA-Seq	unspecified	Illumina HiSeq 2500	ILLUMINA	428000000.0	4000000.0	3702	Arabidopsis thaliana	Wild type Col-0 (flowering buds)	Illumina HiSeq 2500 sequencing	Transcriptome response to KNL2 depletion in Arabidopsis	Illumina HiSeq 2500 sequencing	Wild type Col-0  DNA isolated from flowering buds	1c501ad12e84cecf6e63a4c376a45e58	336234848	ftp.sra.ebi.ac.uk/vol1/fastq/ERR328/008/ERR3285448/ERR3285448.fastq.gz	ftp.sra.ebi.ac.uk/vol1/fastq/ERR328/008/ERR3285448/ERR3285448.fastq.gz	fasp.sra.ebi.ac.uk:/vol1/fastq/ERR328/008/ERR3285448/ERR3285448.fastq.gz
SAMEA5569288	ERR3285449	ERX3311958	SAMEA5569288	ERS3371310	PRJEB32230	ERP114880		ERA1840429	ena-RUN-IPK-Gatersleben-18-04-2019-07:56:32:758-33	ena-EXPERIMENT-IPK-Gatersleben-18-04-2019-07:56:32:758-33	1150666	ena-STUDY-IPK-Gatersleben-18-04-2019-07:56:34:155-178	SINGLE	RANDOM	TRANSCRIPTOMIC	RNA-Seq	unspecified	Illumina HiSeq 2500	ILLUMINA	428000000.0	4000000.0	3702	Arabidopsis thaliana	Wild type Col-0 (flowering buds)	Illumina HiSeq 2500 sequencing	Transcriptome response to KNL2 depletion in Arabidopsis	Illumina HiSeq 2500 sequencing	Wild type Col-0  DNA isolated from flowering buds	4d0d78a3201f9b8e07de3a38874bad34	338942654	ftp.sra.ebi.ac.uk/vol1/fastq/ERR328/009/ERR3285449/ERR3285449.fastq.gz	ftp.sra.ebi.ac.uk/vol1/fastq/ERR328/009/ERR3285449/ERR3285449.fastq.gz	fasp.sra.ebi.ac.uk:/vol1/fastq/ERR328/009/ERR3285449/ERR3285449.fastq.gz
SAMEA5569288	ERR3285450	ERX3311959	SAMEA5569288	ERS3371310	PRJEB32230	ERP114880		ERA1840429	ena-RUN-IPK-Gatersleben-18-04-2019-07:56:32:758-34	ena-EXPERIMENT-IPK-Gatersleben-18-04-2019-07:56:32:758-34	1150666	ena-STUDY-IPK-Gatersleben-18-04-2019-07:56:34:155-178	SINGLE	RANDOM	TRANSCRIPTOMIC	RNA-Seq	unspecified	Illumina HiSeq 2500	ILLUMINA	172991287.0	1616741.0	3702	Arabidopsis thaliana	Wild type Col-0 (flowering buds)	Illumina HiSeq 2500 sequencing	Transcriptome response to KNL2 depletion in Arabidopsis	Illumina HiSeq 2500 sequencing	Wild type Col-0  DNA isolated from flowering buds	79513dd6fe8401e0d65064907a0b9a18	143892602	ftp.sra.ebi.ac.uk/vol1/fastq/ERR328/000/ERR3285450/ERR3285450.fastq.gz	ftp.sra.ebi.ac.uk/vol1/fastq/ERR328/000/ERR3285450/ERR3285450.fastq.gz	fasp.sra.ebi.ac.uk:/vol1/fastq/ERR328/000/ERR3285450/ERR3285450.fastq.gz
SAMEA5569289	ERR3285451	ERX3311960	SAMEA5569289	ERS3371311	PRJEB32230	ERP114880		ERA1840429	ena-RUN-IPK-Gatersleben-18-04-2019-07:56:32:758-35	ena-EXPERIMENT-IPK-Gatersleben-18-04-2019-07:56:32:758-35	1150667	ena-STUDY-IPK-Gatersleben-18-04-2019-07:56:34:155-178	SINGLE	RANDOM	TRANSCRIPTOMIC	RNA-Seq	unspecified	Illumina HiSeq 2500	ILLUMINA	428000000.0	4000000.0	3702	Arabidopsis thaliana	Wild type Col-0 (flowering buds)	Illumina HiSeq 2500 sequencing	Transcriptome response to KNL2 depletion in Arabidopsis	Illumina HiSeq 2500 sequencing	Wild type Col-0  DNA isolated from flowering buds	184c3be29ff226d40bc556320d496962	340483319	ftp.sra.ebi.ac.uk/vol1/fastq/ERR328/001/ERR3285451/ERR3285451.fastq.gz	ftp.sra.ebi.ac.uk/vol1/fastq/ERR328/001/ERR3285451/ERR3285451.fastq.gz	fasp.sra.ebi.ac.uk:/vol1/fastq/ERR328/001/ERR3285451/ERR3285451.fastq.gz
SAMEA5569289	ERR3285452	ERX3311961	SAMEA5569289	ERS3371311	PRJEB32230	ERP114880		ERA1840429	ena-RUN-IPK-Gatersleben-18-04-2019-07:56:32:758-36	ena-EXPERIMENT-IPK-Gatersleben-18-04-2019-07:56:32:758-36	1150667	ena-STUDY-IPK-Gatersleben-18-04-2019-07:56:34:155-178	SINGLE	RANDOM	TRANSCRIPTOMIC	RNA-Seq	unspecified	Illumina HiSeq 2500	ILLUMINA	428000000.0	4000000.0	3702	Arabidopsis thaliana	Wild type Col-0 (flowering buds)	Illumina HiSeq 2500 sequencing	Transcriptome response to KNL2 depletion in Arabidopsis	Illumina HiSeq 2500 sequencing	Wild type Col-0  DNA isolated from flowering buds	cb3b4be4572dfa038b11d0b603a23eec	346171749	ftp.sra.ebi.ac.uk/vol1/fastq/ERR328/002/ERR3285452/ERR3285452.fastq.gz	ftp.sra.ebi.ac.uk/vol1/fastq/ERR328/002/ERR3285452/ERR3285452.fastq.gz	fasp.sra.ebi.ac.uk:/vol1/fastq/ERR328/002/ERR3285452/ERR3285452.fastq.gz
SAMEA5569289	ERR3285453	ERX3311962	SAMEA5569289	ERS3371311	PRJEB32230	ERP114880		ERA1840429	ena-RUN-IPK-Gatersleben-18-04-2019-07:56:32:758-37	ena-EXPERIMENT-IPK-Gatersleben-18-04-2019-07:56:32:758-37	1150667	ena-STUDY-IPK-Gatersleben-18-04-2019-07:56:34:155-178	SINGLE	RANDOM	TRANSCRIPTOMIC	RNA-Seq	unspecified	Illumina HiSeq 2500	ILLUMINA	428000000.0	4000000.0	3702	Arabidopsis thaliana	Wild type Col-0 (flowering buds)	Illumina HiSeq 2500 sequencing	Transcriptome response to KNL2 depletion in Arabidopsis	Illumina HiSeq 2500 sequencing	Wild type Col-0  DNA isolated from flowering buds	355c8f58de122a0268432b32087701bd	344827674	ftp.sra.ebi.ac.uk/vol1/fastq/ERR328/003/ERR3285453/ERR3285453.fastq.gz	ftp.sra.ebi.ac.uk/vol1/fastq/ERR328/003/ERR3285453/ERR3285453.fastq.gz	fasp.sra.ebi.ac.uk:/vol1/fastq/ERR328/003/ERR3285453/ERR3285453.fastq.gz
SAMEA5569289	ERR3285454	ERX3311963	SAMEA5569289	ERS3371311	PRJEB32230	ERP114880		ERA1840429	ena-RUN-IPK-Gatersleben-18-04-2019-07:56:32:758-38	ena-EXPERIMENT-IPK-Gatersleben-18-04-2019-07:56:32:758-38	1150667	ena-STUDY-IPK-Gatersleben-18-04-2019-07:56:34:155-178	SINGLE	RANDOM	TRANSCRIPTOMIC	RNA-Seq	unspecified	Illumina HiSeq 2500	ILLUMINA	428000000.0	4000000.0	3702	Arabidopsis thaliana	Wild type Col-0 (flowering buds)	Illumina HiSeq 2500 sequencing	Transcriptome response to KNL2 depletion in Arabidopsis	Illumina HiSeq 2500 sequencing	Wild type Col-0  DNA isolated from flowering buds	d4108915b47d8e3028e4e478bc7d4460	339109890	ftp.sra.ebi.ac.uk/vol1/fastq/ERR328/004/ERR3285454/ERR3285454.fastq.gz	ftp.sra.ebi.ac.uk/vol1/fastq/ERR328/004/ERR3285454/ERR3285454.fastq.gz	fasp.sra.ebi.ac.uk:/vol1/fastq/ERR328/004/ERR3285454/ERR3285454.fastq.gz
SAMEA5569289	ERR3285455	ERX3311964	SAMEA5569289	ERS3371311	PRJEB32230	ERP114880		ERA1840429	ena-RUN-IPK-Gatersleben-18-04-2019-07:56:32:758-39	ena-EXPERIMENT-IPK-Gatersleben-18-04-2019-07:56:32:758-39	1150667	ena-STUDY-IPK-Gatersleben-18-04-2019-07:56:34:155-178	SINGLE	RANDOM	TRANSCRIPTOMIC	RNA-Seq	unspecified	Illumina HiSeq 2500	ILLUMINA	428000000.0	4000000.0	3702	Arabidopsis thaliana	Wild type Col-0 (flowering buds)	Illumina HiSeq 2500 sequencing	Transcriptome response to KNL2 depletion in Arabidopsis	Illumina HiSeq 2500 sequencing	Wild type Col-0  DNA isolated from flowering buds	bdfc0792dc861934cbe782b9b9b18ac6	339535722	ftp.sra.ebi.ac.uk/vol1/fastq/ERR328/005/ERR3285455/ERR3285455.fastq.gz	ftp.sra.ebi.ac.uk/vol1/fastq/ERR328/005/ERR3285455/ERR3285455.fastq.gz	fasp.sra.ebi.ac.uk:/vol1/fastq/ERR328/005/ERR3285455/ERR3285455.fastq.gz
SAMEA5569289	ERR3285456	ERX3311965	SAMEA5569289	ERS3371311	PRJEB32230	ERP114880		ERA1840429	ena-RUN-IPK-Gatersleben-18-04-2019-07:56:32:758-40	ena-EXPERIMENT-IPK-Gatersleben-18-04-2019-07:56:32:758-40	1150667	ena-STUDY-IPK-Gatersleben-18-04-2019-07:56:34:155-178	SINGLE	RANDOM	TRANSCRIPTOMIC	RNA-Seq	unspecified	Illumina HiSeq 2500	ILLUMINA	428000000.0	4000000.0	3702	Arabidopsis thaliana	Wild type Col-0 (flowering buds)	Illumina HiSeq 2500 sequencing	Transcriptome response to KNL2 depletion in Arabidopsis	Illumina HiSeq 2500 sequencing	Wild type Col-0  DNA isolated from flowering buds	102d94a392137e517a6ecd40e1fa135a	347389910	ftp.sra.ebi.ac.uk/vol1/fastq/ERR328/006/ERR3285456/ERR3285456.fastq.gz	ftp.sra.ebi.ac.uk/vol1/fastq/ERR328/006/ERR3285456/ERR3285456.fastq.gz	fasp.sra.ebi.ac.uk:/vol1/fastq/ERR328/006/ERR3285456/ERR3285456.fastq.gz
SAMEA5569289	ERR3285457	ERX3311966	SAMEA5569289	ERS3371311	PRJEB32230	ERP114880		ERA1840429	ena-RUN-IPK-Gatersleben-18-04-2019-07:56:32:758-41	ena-EXPERIMENT-IPK-Gatersleben-18-04-2019-07:56:32:758-41	1150667	ena-STUDY-IPK-Gatersleben-18-04-2019-07:56:34:155-178	SINGLE	RANDOM	TRANSCRIPTOMIC	RNA-Seq	unspecified	Illumina HiSeq 2500	ILLUMINA	428000000.0	4000000.0	3702	Arabidopsis thaliana	Wild type Col-0 (flowering buds)	Illumina HiSeq 2500 sequencing	Transcriptome response to KNL2 depletion in Arabidopsis	Illumina HiSeq 2500 sequencing	Wild type Col-0  DNA isolated from flowering buds	5ec788cf198f61bd45ca83272d45f5f1	339618710	ftp.sra.ebi.ac.uk/vol1/fastq/ERR328/007/ERR3285457/ERR3285457.fastq.gz	ftp.sra.ebi.ac.uk/vol1/fastq/ERR328/007/ERR3285457/ERR3285457.fastq.gz	fasp.sra.ebi.ac.uk:/vol1/fastq/ERR328/007/ERR3285457/ERR3285457.fastq.gz
SAMEA5569289	ERR3285458	ERX3311967	SAMEA5569289	ERS3371311	PRJEB32230	ERP114880		ERA1840429	ena-RUN-IPK-Gatersleben-18-04-2019-07:56:32:758-42	ena-EXPERIMENT-IPK-Gatersleben-18-04-2019-07:56:32:758-42	1150667	ena-STUDY-IPK-Gatersleben-18-04-2019-07:56:34:155-178	SINGLE	RANDOM	TRANSCRIPTOMIC	RNA-Seq	unspecified	Illumina HiSeq 2500	ILLUMINA	428000000.0	4000000.0	3702	Arabidopsis thaliana	Wild type Col-0 (flowering buds)	Illumina HiSeq 2500 sequencing	Transcriptome response to KNL2 depletion in Arabidopsis	Illumina HiSeq 2500 sequencing	Wild type Col-0  DNA isolated from flowering buds	7b3ce92a5f6e540761bb7d034a3dea51	336093896	ftp.sra.ebi.ac.uk/vol1/fastq/ERR328/008/ERR3285458/ERR3285458.fastq.gz	ftp.sra.ebi.ac.uk/vol1/fastq/ERR328/008/ERR3285458/ERR3285458.fastq.gz	fasp.sra.ebi.ac.uk:/vol1/fastq/ERR328/008/ERR3285458/ERR3285458.fastq.gz
SAMEA5569289	ERR3285459	ERX3311968	SAMEA5569289	ERS3371311	PRJEB32230	ERP114880		ERA1840429	ena-RUN-IPK-Gatersleben-18-04-2019-07:56:32:758-43	ena-EXPERIMENT-IPK-Gatersleben-18-04-2019-07:56:32:758-43	1150667	ena-STUDY-IPK-Gatersleben-18-04-2019-07:56:34:155-178	SINGLE	RANDOM	TRANSCRIPTOMIC	RNA-Seq	unspecified	Illumina HiSeq 2500	ILLUMINA	224897094.0	2101842.0	3702	Arabidopsis thaliana	Wild type Col-0 (flowering buds)	Illumina HiSeq 2500 sequencing	Transcriptome response to KNL2 depletion in Arabidopsis	Illumina HiSeq 2500 sequencing	Wild type Col-0  DNA isolated from flowering buds	9af57db2c53fa5348fe29f24ab39b58c	186297231	ftp.sra.ebi.ac.uk/vol1/fastq/ERR328/009/ERR3285459/ERR3285459.fastq.gz	ftp.sra.ebi.ac.uk/vol1/fastq/ERR328/009/ERR3285459/ERR3285459.fastq.gz	fasp.sra.ebi.ac.uk:/vol1/fastq/ERR328/009/ERR3285459/ERR3285459.fastq.gz
SAMEA5569290	ERR3285460	ERX3311969	SAMEA5569290	ERS3371312	PRJEB32230	ERP114880		ERA1840429	ena-RUN-IPK-Gatersleben-18-04-2019-07:56:32:758-44	ena-EXPERIMENT-IPK-Gatersleben-18-04-2019-07:56:32:758-44	1150668	ena-STUDY-IPK-Gatersleben-18-04-2019-07:56:34:155-178	SINGLE	RANDOM	TRANSCRIPTOMIC	RNA-Seq	unspecified	Illumina HiSeq 2500	ILLUMINA	428000000.0	4000000.0	3702	Arabidopsis thaliana	Wild type Col-0 (flowering buds)	Illumina HiSeq 2500 sequencing	Transcriptome response to KNL2 depletion in Arabidopsis	Illumina HiSeq 2500 sequencing	Wild type Col-0  DNA isolated from flowering buds	2d1ba84280353fffebd9c4cda39fe6aa	343059380	ftp.sra.ebi.ac.uk/vol1/fastq/ERR328/000/ERR3285460/ERR3285460.fastq.gz	ftp.sra.ebi.ac.uk/vol1/fastq/ERR328/000/ERR3285460/ERR3285460.fastq.gz	fasp.sra.ebi.ac.uk:/vol1/fastq/ERR328/000/ERR3285460/ERR3285460.fastq.gz
SAMEA5569290	ERR3285461	ERX3311970	SAMEA5569290	ERS3371312	PRJEB32230	ERP114880		ERA1840429	ena-RUN-IPK-Gatersleben-18-04-2019-07:56:32:758-45	ena-EXPERIMENT-IPK-Gatersleben-18-04-2019-07:56:32:758-45	1150668	ena-STUDY-IPK-Gatersleben-18-04-2019-07:56:34:155-178	SINGLE	RANDOM	TRANSCRIPTOMIC	RNA-Seq	unspecified	Illumina HiSeq 2500	ILLUMINA	428000000.0	4000000.0	3702	Arabidopsis thaliana	Wild type Col-0 (flowering buds)	Illumina HiSeq 2500 sequencing	Transcriptome response to KNL2 depletion in Arabidopsis	Illumina HiSeq 2500 sequencing	Wild type Col-0  DNA isolated from flowering buds	6c61585205a77177e9722e47f9d4c042	340816804	ftp.sra.ebi.ac.uk/vol1/fastq/ERR328/001/ERR3285461/ERR3285461.fastq.gz	ftp.sra.ebi.ac.uk/vol1/fastq/ERR328/001/ERR3285461/ERR3285461.fastq.gz	fasp.sra.ebi.ac.uk:/vol1/fastq/ERR328/001/ERR3285461/ERR3285461.fastq.gz
SAMEA5569290	ERR3285462	ERX3311971	SAMEA5569290	ERS3371312	PRJEB32230	ERP114880		ERA1840429	ena-RUN-IPK-Gatersleben-18-04-2019-07:56:32:758-46	ena-EXPERIMENT-IPK-Gatersleben-18-04-2019-07:56:32:758-46	1150668	ena-STUDY-IPK-Gatersleben-18-04-2019-07:56:34:155-178	SINGLE	RANDOM	TRANSCRIPTOMIC	RNA-Seq	unspecified	Illumina HiSeq 2500	ILLUMINA	428000000.0	4000000.0	3702	Arabidopsis thaliana	Wild type Col-0 (flowering buds)	Illumina HiSeq 2500 sequencing	Transcriptome response to KNL2 depletion in Arabidopsis	Illumina HiSeq 2500 sequencing	Wild type Col-0  DNA isolated from flowering buds	62c182a03f22980aafc8042d91fedb7f	340798745	ftp.sra.ebi.ac.uk/vol1/fastq/ERR328/002/ERR3285462/ERR3285462.fastq.gz	ftp.sra.ebi.ac.uk/vol1/fastq/ERR328/002/ERR3285462/ERR3285462.fastq.gz	fasp.sra.ebi.ac.uk:/vol1/fastq/ERR328/002/ERR3285462/ERR3285462.fastq.gz
SAMEA5569290	ERR3285463	ERX3311972	SAMEA5569290	ERS3371312	PRJEB32230	ERP114880		ERA1840429	ena-RUN-IPK-Gatersleben-18-04-2019-07:56:32:758-47	ena-EXPERIMENT-IPK-Gatersleben-18-04-2019-07:56:32:758-47	1150668	ena-STUDY-IPK-Gatersleben-18-04-2019-07:56:34:155-178	SINGLE	RANDOM	TRANSCRIPTOMIC	RNA-Seq	unspecified	Illumina HiSeq 2500	ILLUMINA	428000000.0	4000000.0	3702	Arabidopsis thaliana	Wild type Col-0 (flowering buds)	Illumina HiSeq 2500 sequencing	Transcriptome response to KNL2 depletion in Arabidopsis	Illumina HiSeq 2500 sequencing	Wild type Col-0  DNA isolated from flowering buds	c2bde7b68819a5897aa583bc62c279f8	340197788	ftp.sra.ebi.ac.uk/vol1/fastq/ERR328/003/ERR3285463/ERR3285463.fastq.gz	ftp.sra.ebi.ac.uk/vol1/fastq/ERR328/003/ERR3285463/ERR3285463.fastq.gz	fasp.sra.ebi.ac.uk:/vol1/fastq/ERR328/003/ERR3285463/ERR3285463.fastq.gz
SAMEA5569290	ERR3285464	ERX3311973	SAMEA5569290	ERS3371312	PRJEB32230	ERP114880		ERA1840429	ena-RUN-IPK-Gatersleben-18-04-2019-07:56:32:758-48	ena-EXPERIMENT-IPK-Gatersleben-18-04-2019-07:56:32:758-48	1150668	ena-STUDY-IPK-Gatersleben-18-04-2019-07:56:34:155-178	SINGLE	RANDOM	TRANSCRIPTOMIC	RNA-Seq	unspecified	Illumina HiSeq 2500	ILLUMINA	428000000.0	4000000.0	3702	Arabidopsis thaliana	Wild type Col-0 (flowering buds)	Illumina HiSeq 2500 sequencing	Transcriptome response to KNL2 depletion in Arabidopsis	Illumina HiSeq 2500 sequencing	Wild type Col-0  DNA isolated from flowering buds	3f0a7da8791be8f2e3816c471e3d7cc7	342752154	ftp.sra.ebi.ac.uk/vol1/fastq/ERR328/004/ERR3285464/ERR3285464.fastq.gz	ftp.sra.ebi.ac.uk/vol1/fastq/ERR328/004/ERR3285464/ERR3285464.fastq.gz	fasp.sra.ebi.ac.uk:/vol1/fastq/ERR328/004/ERR3285464/ERR3285464.fastq.gz
SAMEA5569290	ERR3285465	ERX3311974	SAMEA5569290	ERS3371312	PRJEB32230	ERP114880		ERA1840429	ena-RUN-IPK-Gatersleben-18-04-2019-07:56:32:758-49	ena-EXPERIMENT-IPK-Gatersleben-18-04-2019-07:56:32:758-49	1150668	ena-STUDY-IPK-Gatersleben-18-04-2019-07:56:34:155-178	SINGLE	RANDOM	TRANSCRIPTOMIC	RNA-Seq	unspecified	Illumina HiSeq 2500	ILLUMINA	428000000.0	4000000.0	3702	Arabidopsis thaliana	Wild type Col-0 (flowering buds)	Illumina HiSeq 2500 sequencing	Transcriptome response to KNL2 depletion in Arabidopsis	Illumina HiSeq 2500 sequencing	Wild type Col-0  DNA isolated from flowering buds	5099cad87108fa889c3948f6d10e03a2	338597670	ftp.sra.ebi.ac.uk/vol1/fastq/ERR328/005/ERR3285465/ERR3285465.fastq.gz	ftp.sra.ebi.ac.uk/vol1/fastq/ERR328/005/ERR3285465/ERR3285465.fastq.gz	fasp.sra.ebi.ac.uk:/vol1/fastq/ERR328/005/ERR3285465/ERR3285465.fastq.gz
SAMEA5569290	ERR3285466	ERX3311975	SAMEA5569290	ERS3371312	PRJEB32230	ERP114880		ERA1840429	ena-RUN-IPK-Gatersleben-18-04-2019-07:56:32:758-50	ena-EXPERIMENT-IPK-Gatersleben-18-04-2019-07:56:32:758-50	1150668	ena-STUDY-IPK-Gatersleben-18-04-2019-07:56:34:155-178	SINGLE	RANDOM	TRANSCRIPTOMIC	RNA-Seq	unspecified	Illumina HiSeq 2500	ILLUMINA	271510253.0	2537479.0	3702	Arabidopsis thaliana	Wild type Col-0 (flowering buds)	Illumina HiSeq 2500 sequencing	Transcriptome response to KNL2 depletion in Arabidopsis	Illumina HiSeq 2500 sequencing	Wild type Col-0  DNA isolated from flowering buds	1e2878aaeaf175392139110efb4acc0f	220418278	ftp.sra.ebi.ac.uk/vol1/fastq/ERR328/006/ERR3285466/ERR3285466.fastq.gz	ftp.sra.ebi.ac.uk/vol1/fastq/ERR328/006/ERR3285466/ERR3285466.fastq.gz	fasp.sra.ebi.ac.uk:/vol1/fastq/ERR328/006/ERR3285466/ERR3285466.fastq.gz
SAMEA5569279	ERR3285467	ERX3311976	SAMEA5569279	ERS3371301	PRJEB32230	ERP114880		ERA1840429	ena-RUN-IPK-Gatersleben-18-04-2019-07:56:32:759-51	ena-EXPERIMENT-IPK-Gatersleben-18-04-2019-07:56:32:759-51	931329	ena-STUDY-IPK-Gatersleben-18-04-2019-07:56:34:155-178	SINGLE	RANDOM	TRANSCRIPTOMIC	RNA-Seq	unspecified	Illumina HiSeq 2500	ILLUMINA	432000000.0	4000000.0	3702	Arabidopsis thaliana	knl2 mutant line (seedlings)	Illumina HiSeq 2500 sequencing	Transcriptome response to KNL2 depletion in Arabidopsis	Illumina HiSeq 2500 sequencing	knl2 mutant DNA isolated from seedlings	fa23e3cc4d7cf0f9bbc205dd54cd1a63	268800973	ftp.sra.ebi.ac.uk/vol1/fastq/ERR328/007/ERR3285467/ERR3285467.fastq.gz	ftp.sra.ebi.ac.uk/vol1/fastq/ERR328/007/ERR3285467/ERR3285467.fastq.gz	fasp.sra.ebi.ac.uk:/vol1/fastq/ERR328/007/ERR3285467/ERR3285467.fastq.gz
SAMEA5569279	ERR3285468	ERX3311977	SAMEA5569279	ERS3371301	PRJEB32230	ERP114880		ERA1840429	ena-RUN-IPK-Gatersleben-18-04-2019-07:56:32:759-52	ena-EXPERIMENT-IPK-Gatersleben-18-04-2019-07:56:32:759-52	931329	ena-STUDY-IPK-Gatersleben-18-04-2019-07:56:34:155-178	SINGLE	RANDOM	TRANSCRIPTOMIC	RNA-Seq	unspecified	Illumina HiSeq 2500	ILLUMINA	432000000.0	4000000.0	3702	Arabidopsis thaliana	knl2 mutant line (seedlings)	Illumina HiSeq 2500 sequencing	Transcriptome response to KNL2 depletion in Arabidopsis	Illumina HiSeq 2500 sequencing	knl2 mutant DNA isolated from seedlings	fb31ab1f53b332564d6c226662a8c73e	275258704	ftp.sra.ebi.ac.uk/vol1/fastq/ERR328/008/ERR3285468/ERR3285468.fastq.gz	ftp.sra.ebi.ac.uk/vol1/fastq/ERR328/008/ERR3285468/ERR3285468.fastq.gz	fasp.sra.ebi.ac.uk:/vol1/fastq/ERR328/008/ERR3285468/ERR3285468.fastq.gz
SAMEA5569279	ERR3285469	ERX3311978	SAMEA5569279	ERS3371301	PRJEB32230	ERP114880		ERA1840429	ena-RUN-IPK-Gatersleben-18-04-2019-07:56:32:759-53	ena-EXPERIMENT-IPK-Gatersleben-18-04-2019-07:56:32:759-53	931329	ena-STUDY-IPK-Gatersleben-18-04-2019-07:56:34:155-178	SINGLE	RANDOM	TRANSCRIPTOMIC	RNA-Seq	unspecified	Illumina HiSeq 2500	ILLUMINA	432000000.0	4000000.0	3702	Arabidopsis thaliana	knl2 mutant line (seedlings)	Illumina HiSeq 2500 sequencing	Transcriptome response to KNL2 depletion in Arabidopsis	Illumina HiSeq 2500 sequencing	knl2 mutant DNA isolated from seedlings	d032f0e2ba95cdafacf34e8e875d5515	276259450	ftp.sra.ebi.ac.uk/vol1/fastq/ERR328/009/ERR3285469/ERR3285469.fastq.gz	ftp.sra.ebi.ac.uk/vol1/fastq/ERR328/009/ERR3285469/ERR3285469.fastq.gz	fasp.sra.ebi.ac.uk:/vol1/fastq/ERR328/009/ERR3285469/ERR3285469.fastq.gz
SAMEA5569279	ERR3285470	ERX3311979	SAMEA5569279	ERS3371301	PRJEB32230	ERP114880		ERA1840429	ena-RUN-IPK-Gatersleben-18-04-2019-07:56:32:759-54	ena-EXPERIMENT-IPK-Gatersleben-18-04-2019-07:56:32:759-54	931329	ena-STUDY-IPK-Gatersleben-18-04-2019-07:56:34:155-178	SINGLE	RANDOM	TRANSCRIPTOMIC	RNA-Seq	unspecified	Illumina HiSeq 2500	ILLUMINA	432000000.0	4000000.0	3702	Arabidopsis thaliana	knl2 mutant line (seedlings)	Illumina HiSeq 2500 sequencing	Transcriptome response to KNL2 depletion in Arabidopsis	Illumina HiSeq 2500 sequencing	knl2 mutant DNA isolated from seedlings	f70cf6a1791647d6b9391801e970ccd0	270606435	ftp.sra.ebi.ac.uk/vol1/fastq/ERR328/000/ERR3285470/ERR3285470.fastq.gz	ftp.sra.ebi.ac.uk/vol1/fastq/ERR328/000/ERR3285470/ERR3285470.fastq.gz	fasp.sra.ebi.ac.uk:/vol1/fastq/ERR328/000/ERR3285470/ERR3285470.fastq.gz
SAMEA5569279	ERR3285471	ERX3311980	SAMEA5569279	ERS3371301	PRJEB32230	ERP114880		ERA1840429	ena-RUN-IPK-Gatersleben-18-04-2019-07:56:32:759-55	ena-EXPERIMENT-IPK-Gatersleben-18-04-2019-07:56:32:759-55	931329	ena-STUDY-IPK-Gatersleben-18-04-2019-07:56:34:155-178	SINGLE	RANDOM	TRANSCRIPTOMIC	RNA-Seq	unspecified	Illumina HiSeq 2500	ILLUMINA	432000000.0	4000000.0	3702	Arabidopsis thaliana	knl2 mutant line (seedlings)	Illumina HiSeq 2500 sequencing	Transcriptome response to KNL2 depletion in Arabidopsis	Illumina HiSeq 2500 sequencing	knl2 mutant DNA isolated from seedlings	4abdf039b7a5bacaa9adc8f15f41d9fb	272213621	ftp.sra.ebi.ac.uk/vol1/fastq/ERR328/001/ERR3285471/ERR3285471.fastq.gz	ftp.sra.ebi.ac.uk/vol1/fastq/ERR328/001/ERR3285471/ERR3285471.fastq.gz	fasp.sra.ebi.ac.uk:/vol1/fastq/ERR328/001/ERR3285471/ERR3285471.fastq.gz
SAMEA5569279	ERR3285472	ERX3311981	SAMEA5569279	ERS3371301	PRJEB32230	ERP114880		ERA1840429	ena-RUN-IPK-Gatersleben-18-04-2019-07:56:32:759-56	ena-EXPERIMENT-IPK-Gatersleben-18-04-2019-07:56:32:759-56	931329	ena-STUDY-IPK-Gatersleben-18-04-2019-07:56:34:155-178	SINGLE	RANDOM	TRANSCRIPTOMIC	RNA-Seq	unspecified	Illumina HiSeq 2500	ILLUMINA	297791100.0	2757325.0	3702	Arabidopsis thaliana	knl2 mutant line (seedlings)	Illumina HiSeq 2500 sequencing	Transcriptome response to KNL2 depletion in Arabidopsis	Illumina HiSeq 2500 sequencing	knl2 mutant DNA isolated from seedlings	239361c7f10dbfb955cf767767d19528	191753325	ftp.sra.ebi.ac.uk/vol1/fastq/ERR328/002/ERR3285472/ERR3285472.fastq.gz	ftp.sra.ebi.ac.uk/vol1/fastq/ERR328/002/ERR3285472/ERR3285472.fastq.gz	fasp.sra.ebi.ac.uk:/vol1/fastq/ERR328/002/ERR3285472/ERR3285472.fastq.gz
SAMEA5569280	ERR3285473	ERX3311982	SAMEA5569280	ERS3371302	PRJEB32230	ERP114880		ERA1840429	ena-RUN-IPK-Gatersleben-18-04-2019-07:56:32:759-57	ena-EXPERIMENT-IPK-Gatersleben-18-04-2019-07:56:32:759-57	931330	ena-STUDY-IPK-Gatersleben-18-04-2019-07:56:34:155-178	SINGLE	RANDOM	TRANSCRIPTOMIC	RNA-Seq	unspecified	Illumina HiSeq 2500	ILLUMINA	432000000.0	4000000.0	3702	Arabidopsis thaliana	knl2 mutant line (seedlings)	Illumina HiSeq 2500 sequencing	Transcriptome response to KNL2 depletion in Arabidopsis	Illumina HiSeq 2500 sequencing	knl2 mutant DNA isolated from seedlings	9c61871c3440fe5817c9ffd8523c1ea0	267353994	ftp.sra.ebi.ac.uk/vol1/fastq/ERR328/003/ERR3285473/ERR3285473.fastq.gz	ftp.sra.ebi.ac.uk/vol1/fastq/ERR328/003/ERR3285473/ERR3285473.fastq.gz	fasp.sra.ebi.ac.uk:/vol1/fastq/ERR328/003/ERR3285473/ERR3285473.fastq.gz
SAMEA5569280	ERR3285474	ERX3311983	SAMEA5569280	ERS3371302	PRJEB32230	ERP114880		ERA1840429	ena-RUN-IPK-Gatersleben-18-04-2019-07:56:32:759-58	ena-EXPERIMENT-IPK-Gatersleben-18-04-2019-07:56:32:759-58	931330	ena-STUDY-IPK-Gatersleben-18-04-2019-07:56:34:155-178	SINGLE	RANDOM	TRANSCRIPTOMIC	RNA-Seq	unspecified	Illumina HiSeq 2500	ILLUMINA	432000000.0	4000000.0	3702	Arabidopsis thaliana	knl2 mutant line (seedlings)	Illumina HiSeq 2500 sequencing	Transcriptome response to KNL2 depletion in Arabidopsis	Illumina HiSeq 2500 sequencing	knl2 mutant DNA isolated from seedlings	59f08aca94d8909b0a6a284e187070c9	274424097	ftp.sra.ebi.ac.uk/vol1/fastq/ERR328/004/ERR3285474/ERR3285474.fastq.gz	ftp.sra.ebi.ac.uk/vol1/fastq/ERR328/004/ERR3285474/ERR3285474.fastq.gz	fasp.sra.ebi.ac.uk:/vol1/fastq/ERR328/004/ERR3285474/ERR3285474.fastq.gz
SAMEA5569280	ERR3285475	ERX3311984	SAMEA5569280	ERS3371302	PRJEB32230	ERP114880		ERA1840429	ena-RUN-IPK-Gatersleben-18-04-2019-07:56:32:759-59	ena-EXPERIMENT-IPK-Gatersleben-18-04-2019-07:56:32:759-59	931330	ena-STUDY-IPK-Gatersleben-18-04-2019-07:56:34:155-178	SINGLE	RANDOM	TRANSCRIPTOMIC	RNA-Seq	unspecified	Illumina HiSeq 2500	ILLUMINA	432000000.0	4000000.0	3702	Arabidopsis thaliana	knl2 mutant line (seedlings)	Illumina HiSeq 2500 sequencing	Transcriptome response to KNL2 depletion in Arabidopsis	Illumina HiSeq 2500 sequencing	knl2 mutant DNA isolated from seedlings	13c430b50d2038df29edff02028fbefb	275661235	ftp.sra.ebi.ac.uk/vol1/fastq/ERR328/005/ERR3285475/ERR3285475.fastq.gz	ftp.sra.ebi.ac.uk/vol1/fastq/ERR328/005/ERR3285475/ERR3285475.fastq.gz	fasp.sra.ebi.ac.uk:/vol1/fastq/ERR328/005/ERR3285475/ERR3285475.fastq.gz
SAMEA5569280	ERR3285476	ERX3311985	SAMEA5569280	ERS3371302	PRJEB32230	ERP114880		ERA1840429	ena-RUN-IPK-Gatersleben-18-04-2019-07:56:32:759-60	ena-EXPERIMENT-IPK-Gatersleben-18-04-2019-07:56:32:759-60	931330	ena-STUDY-IPK-Gatersleben-18-04-2019-07:56:34:155-178	SINGLE	RANDOM	TRANSCRIPTOMIC	RNA-Seq	unspecified	Illumina HiSeq 2500	ILLUMINA	432000000.0	4000000.0	3702	Arabidopsis thaliana	knl2 mutant line (seedlings)	Illumina HiSeq 2500 sequencing	Transcriptome response to KNL2 depletion in Arabidopsis	Illumina HiSeq 2500 sequencing	knl2 mutant DNA isolated from seedlings	ae50fbdfb9c10cad5410561d10e9a21b	268117109	ftp.sra.ebi.ac.uk/vol1/fastq/ERR328/006/ERR3285476/ERR3285476.fastq.gz	ftp.sra.ebi.ac.uk/vol1/fastq/ERR328/006/ERR3285476/ERR3285476.fastq.gz	fasp.sra.ebi.ac.uk:/vol1/fastq/ERR328/006/ERR3285476/ERR3285476.fastq.gz
SAMEA5569280	ERR3285477	ERX3311986	SAMEA5569280	ERS3371302	PRJEB32230	ERP114880		ERA1840429	ena-RUN-IPK-Gatersleben-18-04-2019-07:56:32:759-61	ena-EXPERIMENT-IPK-Gatersleben-18-04-2019-07:56:32:759-61	931330	ena-STUDY-IPK-Gatersleben-18-04-2019-07:56:34:155-178	SINGLE	RANDOM	TRANSCRIPTOMIC	RNA-Seq	unspecified	Illumina HiSeq 2500	ILLUMINA	432000000.0	4000000.0	3702	Arabidopsis thaliana	knl2 mutant line (seedlings)	Illumina HiSeq 2500 sequencing	Transcriptome response to KNL2 depletion in Arabidopsis	Illumina HiSeq 2500 sequencing	knl2 mutant DNA isolated from seedlings	22a9c57da3901deee782719a493dd2b6	272031850	ftp.sra.ebi.ac.uk/vol1/fastq/ERR328/007/ERR3285477/ERR3285477.fastq.gz	ftp.sra.ebi.ac.uk/vol1/fastq/ERR328/007/ERR3285477/ERR3285477.fastq.gz	fasp.sra.ebi.ac.uk:/vol1/fastq/ERR328/007/ERR3285477/ERR3285477.fastq.gz
SAMEA5569280	ERR3285478	ERX3311987	SAMEA5569280	ERS3371302	PRJEB32230	ERP114880		ERA1840429	ena-RUN-IPK-Gatersleben-18-04-2019-07:56:32:759-62	ena-EXPERIMENT-IPK-Gatersleben-18-04-2019-07:56:32:759-62	931330	ena-STUDY-IPK-Gatersleben-18-04-2019-07:56:34:155-178	SINGLE	RANDOM	TRANSCRIPTOMIC	RNA-Seq	unspecified	Illumina HiSeq 2500	ILLUMINA	335545848.0	3106906.0	3702	Arabidopsis thaliana	knl2 mutant line (seedlings)	Illumina HiSeq 2500 sequencing	Transcriptome response to KNL2 depletion in Arabidopsis	Illumina HiSeq 2500 sequencing	knl2 mutant DNA isolated from seedlings	355fb6893105c96ceefcc96d7d13f615	214354258	ftp.sra.ebi.ac.uk/vol1/fastq/ERR328/008/ERR3285478/ERR3285478.fastq.gz	ftp.sra.ebi.ac.uk/vol1/fastq/ERR328/008/ERR3285478/ERR3285478.fastq.gz	fasp.sra.ebi.ac.uk:/vol1/fastq/ERR328/008/ERR3285478/ERR3285478.fastq.gz
SAMEA5569281	ERR3285479	ERX3311988	SAMEA5569281	ERS3371303	PRJEB32230	ERP114880		ERA1840429	ena-RUN-IPK-Gatersleben-18-04-2019-07:56:32:759-63	ena-EXPERIMENT-IPK-Gatersleben-18-04-2019-07:56:32:759-63	931331	ena-STUDY-IPK-Gatersleben-18-04-2019-07:56:34:155-178	SINGLE	RANDOM	TRANSCRIPTOMIC	RNA-Seq	unspecified	Illumina HiSeq 2500	ILLUMINA	432000000.0	4000000.0	3702	Arabidopsis thaliana	knl2 mutant line (seedlings)	Illumina HiSeq 2500 sequencing	Transcriptome response to KNL2 depletion in Arabidopsis	Illumina HiSeq 2500 sequencing	knl2 mutant DNA isolated from seedlings	f0769b53042956b3c80f47f09d3efb85	267242674	ftp.sra.ebi.ac.uk/vol1/fastq/ERR328/009/ERR3285479/ERR3285479.fastq.gz	ftp.sra.ebi.ac.uk/vol1/fastq/ERR328/009/ERR3285479/ERR3285479.fastq.gz	fasp.sra.ebi.ac.uk:/vol1/fastq/ERR328/009/ERR3285479/ERR3285479.fastq.gz
SAMEA5569281	ERR3285480	ERX3311989	SAMEA5569281	ERS3371303	PRJEB32230	ERP114880		ERA1840429	ena-RUN-IPK-Gatersleben-18-04-2019-07:56:32:759-64	ena-EXPERIMENT-IPK-Gatersleben-18-04-2019-07:56:32:759-64	931331	ena-STUDY-IPK-Gatersleben-18-04-2019-07:56:34:155-178	SINGLE	RANDOM	TRANSCRIPTOMIC	RNA-Seq	unspecified	Illumina HiSeq 2500	ILLUMINA	432000000.0	4000000.0	3702	Arabidopsis thaliana	knl2 mutant line (seedlings)	Illumina HiSeq 2500 sequencing	Transcriptome response to KNL2 depletion in Arabidopsis	Illumina HiSeq 2500 sequencing	knl2 mutant DNA isolated from seedlings	08fc4634d7f062370345d48fb0886576	272930176	ftp.sra.ebi.ac.uk/vol1/fastq/ERR328/000/ERR3285480/ERR3285480.fastq.gz	ftp.sra.ebi.ac.uk/vol1/fastq/ERR328/000/ERR3285480/ERR3285480.fastq.gz	fasp.sra.ebi.ac.uk:/vol1/fastq/ERR328/000/ERR3285480/ERR3285480.fastq.gz
SAMEA5569281	ERR3285481	ERX3311990	SAMEA5569281	ERS3371303	PRJEB32230	ERP114880		ERA1840429	ena-RUN-IPK-Gatersleben-18-04-2019-07:56:32:759-65	ena-EXPERIMENT-IPK-Gatersleben-18-04-2019-07:56:32:759-65	931331	ena-STUDY-IPK-Gatersleben-18-04-2019-07:56:34:155-178	SINGLE	RANDOM	TRANSCRIPTOMIC	RNA-Seq	unspecified	Illumina HiSeq 2500	ILLUMINA	432000000.0	4000000.0	3702	Arabidopsis thaliana	knl2 mutant line (seedlings)	Illumina HiSeq 2500 sequencing	Transcriptome response to KNL2 depletion in Arabidopsis	Illumina HiSeq 2500 sequencing	knl2 mutant DNA isolated from seedlings	46d02dc89bf33438d73e4c6f1a8868fc	273570202	ftp.sra.ebi.ac.uk/vol1/fastq/ERR328/001/ERR3285481/ERR3285481.fastq.gz	ftp.sra.ebi.ac.uk/vol1/fastq/ERR328/001/ERR3285481/ERR3285481.fastq.gz	fasp.sra.ebi.ac.uk:/vol1/fastq/ERR328/001/ERR3285481/ERR3285481.fastq.gz
SAMEA5569281	ERR3285482	ERX3311991	SAMEA5569281	ERS3371303	PRJEB32230	ERP114880		ERA1840429	ena-RUN-IPK-Gatersleben-18-04-2019-07:56:32:759-66	ena-EXPERIMENT-IPK-Gatersleben-18-04-2019-07:56:32:759-66	931331	ena-STUDY-IPK-Gatersleben-18-04-2019-07:56:34:155-178	SINGLE	RANDOM	TRANSCRIPTOMIC	RNA-Seq	unspecified	Illumina HiSeq 2500	ILLUMINA	432000000.0	4000000.0	3702	Arabidopsis thaliana	knl2 mutant line (seedlings)	Illumina HiSeq 2500 sequencing	Transcriptome response to KNL2 depletion in Arabidopsis	Illumina HiSeq 2500 sequencing	knl2 mutant DNA isolated from seedlings	932b61614ccbe7cd404cb1cd25201009	271726156	ftp.sra.ebi.ac.uk/vol1/fastq/ERR328/002/ERR3285482/ERR3285482.fastq.gz	ftp.sra.ebi.ac.uk/vol1/fastq/ERR328/002/ERR3285482/ERR3285482.fastq.gz	fasp.sra.ebi.ac.uk:/vol1/fastq/ERR328/002/ERR3285482/ERR3285482.fastq.gz
SAMEA5569281	ERR3285483	ERX3311992	SAMEA5569281	ERS3371303	PRJEB32230	ERP114880		ERA1840429	ena-RUN-IPK-Gatersleben-18-04-2019-07:56:32:759-67	ena-EXPERIMENT-IPK-Gatersleben-18-04-2019-07:56:32:759-67	931331	ena-STUDY-IPK-Gatersleben-18-04-2019-07:56:34:155-178	SINGLE	RANDOM	TRANSCRIPTOMIC	RNA-Seq	unspecified	Illumina HiSeq 2500	ILLUMINA	432000000.0	4000000.0	3702	Arabidopsis thaliana	knl2 mutant line (seedlings)	Illumina HiSeq 2500 sequencing	Transcriptome response to KNL2 depletion in Arabidopsis	Illumina HiSeq 2500 sequencing	knl2 mutant DNA isolated from seedlings	70b1d953c1c2a7da6ecefb3a98024a4b	268643515	ftp.sra.ebi.ac.uk/vol1/fastq/ERR328/003/ERR3285483/ERR3285483.fastq.gz	ftp.sra.ebi.ac.uk/vol1/fastq/ERR328/003/ERR3285483/ERR3285483.fastq.gz	fasp.sra.ebi.ac.uk:/vol1/fastq/ERR328/003/ERR3285483/ERR3285483.fastq.gz
SAMEA5569281	ERR3285484	ERX3311993	SAMEA5569281	ERS3371303	PRJEB32230	ERP114880		ERA1840429	ena-RUN-IPK-Gatersleben-18-04-2019-07:56:32:759-68	ena-EXPERIMENT-IPK-Gatersleben-18-04-2019-07:56:32:759-68	931331	ena-STUDY-IPK-Gatersleben-18-04-2019-07:56:34:155-178	SINGLE	RANDOM	TRANSCRIPTOMIC	RNA-Seq	unspecified	Illumina HiSeq 2500	ILLUMINA	213110352.0	1973244.0	3702	Arabidopsis thaliana	knl2 mutant line (seedlings)	Illumina HiSeq 2500 sequencing	Transcriptome response to KNL2 depletion in Arabidopsis	Illumina HiSeq 2500 sequencing	knl2 mutant DNA isolated from seedlings	58e0581dae5f47c66a4c8fed8d27b075	137244093	ftp.sra.ebi.ac.uk/vol1/fastq/ERR328/004/ERR3285484/ERR3285484.fastq.gz	ftp.sra.ebi.ac.uk/vol1/fastq/ERR328/004/ERR3285484/ERR3285484.fastq.gz	fasp.sra.ebi.ac.uk:/vol1/fastq/ERR328/004/ERR3285484/ERR3285484.fastq.gz
SAMEA5569282	ERR3285485	ERX3311994	SAMEA5569282	ERS3371304	PRJEB32230	ERP114880		ERA1840429	ena-RUN-IPK-Gatersleben-18-04-2019-07:56:32:760-69	ena-EXPERIMENT-IPK-Gatersleben-18-04-2019-07:56:32:759-69	931332	ena-STUDY-IPK-Gatersleben-18-04-2019-07:56:34:155-178	SINGLE	RANDOM	TRANSCRIPTOMIC	RNA-Seq	unspecified	Illumina HiSeq 2500	ILLUMINA	432000000.0	4000000.0	3702	Arabidopsis thaliana	Wild type Col-0 (seedlings)	Illumina HiSeq 2500 sequencing	Transcriptome response to KNL2 depletion in Arabidopsis	Illumina HiSeq 2500 sequencing	Wild type Col-0  DNA isolated from seedlings	877da22ca716a0c73008e29f8e3c2084	271659949	ftp.sra.ebi.ac.uk/vol1/fastq/ERR328/005/ERR3285485/ERR3285485.fastq.gz	ftp.sra.ebi.ac.uk/vol1/fastq/ERR328/005/ERR3285485/ERR3285485.fastq.gz	fasp.sra.ebi.ac.uk:/vol1/fastq/ERR328/005/ERR3285485/ERR3285485.fastq.gz
SAMEA5569282	ERR3285486	ERX3311995	SAMEA5569282	ERS3371304	PRJEB32230	ERP114880		ERA1840429	ena-RUN-IPK-Gatersleben-18-04-2019-07:56:32:760-70	ena-EXPERIMENT-IPK-Gatersleben-18-04-2019-07:56:32:760-70	931332	ena-STUDY-IPK-Gatersleben-18-04-2019-07:56:34:155-178	SINGLE	RANDOM	TRANSCRIPTOMIC	RNA-Seq	unspecified	Illumina HiSeq 2500	ILLUMINA	432000000.0	4000000.0	3702	Arabidopsis thaliana	Wild type Col-0 (seedlings)	Illumina HiSeq 2500 sequencing	Transcriptome response to KNL2 depletion in Arabidopsis	Illumina HiSeq 2500 sequencing	Wild type Col-0  DNA isolated from seedlings	134e0ebc81cd50f99a4de3006be91843	277384315	ftp.sra.ebi.ac.uk/vol1/fastq/ERR328/006/ERR3285486/ERR3285486.fastq.gz	ftp.sra.ebi.ac.uk/vol1/fastq/ERR328/006/ERR3285486/ERR3285486.fastq.gz	fasp.sra.ebi.ac.uk:/vol1/fastq/ERR328/006/ERR3285486/ERR3285486.fastq.gz
SAMEA5569282	ERR3285487	ERX3311996	SAMEA5569282	ERS3371304	PRJEB32230	ERP114880		ERA1840429	ena-RUN-IPK-Gatersleben-18-04-2019-07:56:32:760-71	ena-EXPERIMENT-IPK-Gatersleben-18-04-2019-07:56:32:760-71	931332	ena-STUDY-IPK-Gatersleben-18-04-2019-07:56:34:155-178	SINGLE	RANDOM	TRANSCRIPTOMIC	RNA-Seq	unspecified	Illumina HiSeq 2500	ILLUMINA	432000000.0	4000000.0	3702	Arabidopsis thaliana	Wild type Col-0 (seedlings)	Illumina HiSeq 2500 sequencing	Transcriptome response to KNL2 depletion in Arabidopsis	Illumina HiSeq 2500 sequencing	Wild type Col-0  DNA isolated from seedlings	6ba64be57a1f0e31264ada1b3e2eb580	278015276	ftp.sra.ebi.ac.uk/vol1/fastq/ERR328/007/ERR3285487/ERR3285487.fastq.gz	ftp.sra.ebi.ac.uk/vol1/fastq/ERR328/007/ERR3285487/ERR3285487.fastq.gz	fasp.sra.ebi.ac.uk:/vol1/fastq/ERR328/007/ERR3285487/ERR3285487.fastq.gz
SAMEA5569282	ERR3285488	ERX3311997	SAMEA5569282	ERS3371304	PRJEB32230	ERP114880		ERA1840429	ena-RUN-IPK-Gatersleben-18-04-2019-07:56:32:760-72	ena-EXPERIMENT-IPK-Gatersleben-18-04-2019-07:56:32:760-72	931332	ena-STUDY-IPK-Gatersleben-18-04-2019-07:56:34:155-178	SINGLE	RANDOM	TRANSCRIPTOMIC	RNA-Seq	unspecified	Illumina HiSeq 2500	ILLUMINA	432000000.0	4000000.0	3702	Arabidopsis thaliana	Wild type Col-0 (seedlings)	Illumina HiSeq 2500 sequencing	Transcriptome response to KNL2 depletion in Arabidopsis	Illumina HiSeq 2500 sequencing	Wild type Col-0  DNA isolated from seedlings	84ec8faf0e0e36b1c3811441f570b595	277832974	ftp.sra.ebi.ac.uk/vol1/fastq/ERR328/008/ERR3285488/ERR3285488.fastq.gz	ftp.sra.ebi.ac.uk/vol1/fastq/ERR328/008/ERR3285488/ERR3285488.fastq.gz	fasp.sra.ebi.ac.uk:/vol1/fastq/ERR328/008/ERR3285488/ERR3285488.fastq.gz
SAMEA5569282	ERR3285489	ERX3311998	SAMEA5569282	ERS3371304	PRJEB32230	ERP114880		ERA1840429	ena-RUN-IPK-Gatersleben-18-04-2019-07:56:32:760-73	ena-EXPERIMENT-IPK-Gatersleben-18-04-2019-07:56:32:760-73	931332	ena-STUDY-IPK-Gatersleben-18-04-2019-07:56:34:155-178	SINGLE	RANDOM	TRANSCRIPTOMIC	RNA-Seq	unspecified	Illumina HiSeq 2500	ILLUMINA	432000000.0	4000000.0	3702	Arabidopsis thaliana	Wild type Col-0 (seedlings)	Illumina HiSeq 2500 sequencing	Transcriptome response to KNL2 depletion in Arabidopsis	Illumina HiSeq 2500 sequencing	Wild type Col-0  DNA isolated from seedlings	a27e007e94c340f5d98f9c2a44ac163d	271346247	ftp.sra.ebi.ac.uk/vol1/fastq/ERR328/009/ERR3285489/ERR3285489.fastq.gz	ftp.sra.ebi.ac.uk/vol1/fastq/ERR328/009/ERR3285489/ERR3285489.fastq.gz	fasp.sra.ebi.ac.uk:/vol1/fastq/ERR328/009/ERR3285489/ERR3285489.fastq.gz
SAMEA5569282	ERR3285490	ERX3311999	SAMEA5569282	ERS3371304	PRJEB32230	ERP114880		ERA1840429	ena-RUN-IPK-Gatersleben-18-04-2019-07:56:32:760-74	ena-EXPERIMENT-IPK-Gatersleben-18-04-2019-07:56:32:760-74	931332	ena-STUDY-IPK-Gatersleben-18-04-2019-07:56:34:155-178	SINGLE	RANDOM	TRANSCRIPTOMIC	RNA-Seq	unspecified	Illumina HiSeq 2500	ILLUMINA	175610592.0	1626024.0	3702	Arabidopsis thaliana	Wild type Col-0 (seedlings)	Illumina HiSeq 2500 sequencing	Transcriptome response to KNL2 depletion in Arabidopsis	Illumina HiSeq 2500 sequencing	Wild type Col-0  DNA isolated from seedlings	a921386812fd0d605c6c5d744a747fec	116079717	ftp.sra.ebi.ac.uk/vol1/fastq/ERR328/000/ERR3285490/ERR3285490.fastq.gz	ftp.sra.ebi.ac.uk/vol1/fastq/ERR328/000/ERR3285490/ERR3285490.fastq.gz	fasp.sra.ebi.ac.uk:/vol1/fastq/ERR328/000/ERR3285490/ERR3285490.fastq.gz
SAMEA5569283	ERR3285491	ERX3312000	SAMEA5569283	ERS3371305	PRJEB32230	ERP114880		ERA1840429	ena-RUN-IPK-Gatersleben-18-04-2019-07:56:32:760-75	ena-EXPERIMENT-IPK-Gatersleben-18-04-2019-07:56:32:760-75	931333	ena-STUDY-IPK-Gatersleben-18-04-2019-07:56:34:155-178	SINGLE	RANDOM	TRANSCRIPTOMIC	RNA-Seq	unspecified	Illumina HiSeq 2500	ILLUMINA	432000000.0	4000000.0	3702	Arabidopsis thaliana	Wild type Col-0 (seedlings)	Illumina HiSeq 2500 sequencing	Transcriptome response to KNL2 depletion in Arabidopsis	Illumina HiSeq 2500 sequencing	Wild type Col-0  DNA isolated from seedlings	4afd5501c8fc46f4e7591b22fac6d7bf	266972146	ftp.sra.ebi.ac.uk/vol1/fastq/ERR328/001/ERR3285491/ERR3285491.fastq.gz	ftp.sra.ebi.ac.uk/vol1/fastq/ERR328/001/ERR3285491/ERR3285491.fastq.gz	fasp.sra.ebi.ac.uk:/vol1/fastq/ERR328/001/ERR3285491/ERR3285491.fastq.gz
SAMEA5569283	ERR3285492	ERX3312001	SAMEA5569283	ERS3371305	PRJEB32230	ERP114880		ERA1840429	ena-RUN-IPK-Gatersleben-18-04-2019-07:56:32:760-76	ena-EXPERIMENT-IPK-Gatersleben-18-04-2019-07:56:32:760-76	931333	ena-STUDY-IPK-Gatersleben-18-04-2019-07:56:34:155-178	SINGLE	RANDOM	TRANSCRIPTOMIC	RNA-Seq	unspecified	Illumina HiSeq 2500	ILLUMINA	432000000.0	4000000.0	3702	Arabidopsis thaliana	Wild type Col-0 (seedlings)	Illumina HiSeq 2500 sequencing	Transcriptome response to KNL2 depletion in Arabidopsis	Illumina HiSeq 2500 sequencing	Wild type Col-0  DNA isolated from seedlings	dfcb1a1c440d368abecd9cc61a24a66d	277466861	ftp.sra.ebi.ac.uk/vol1/fastq/ERR328/002/ERR3285492/ERR3285492.fastq.gz	ftp.sra.ebi.ac.uk/vol1/fastq/ERR328/002/ERR3285492/ERR3285492.fastq.gz	fasp.sra.ebi.ac.uk:/vol1/fastq/ERR328/002/ERR3285492/ERR3285492.fastq.gz
SAMEA5569283	ERR3285493	ERX3312002	SAMEA5569283	ERS3371305	PRJEB32230	ERP114880		ERA1840429	ena-RUN-IPK-Gatersleben-18-04-2019-07:56:32:760-77	ena-EXPERIMENT-IPK-Gatersleben-18-04-2019-07:56:32:760-77	931333	ena-STUDY-IPK-Gatersleben-18-04-2019-07:56:34:155-178	SINGLE	RANDOM	TRANSCRIPTOMIC	RNA-Seq	unspecified	Illumina HiSeq 2500	ILLUMINA	432000000.0	4000000.0	3702	Arabidopsis thaliana	Wild type Col-0 (seedlings)	Illumina HiSeq 2500 sequencing	Transcriptome response to KNL2 depletion in Arabidopsis	Illumina HiSeq 2500 sequencing	Wild type Col-0  DNA isolated from seedlings	56944aee12d8b91dacd5ef6b13b538c7	271229531	ftp.sra.ebi.ac.uk/vol1/fastq/ERR328/003/ERR3285493/ERR3285493.fastq.gz	ftp.sra.ebi.ac.uk/vol1/fastq/ERR328/003/ERR3285493/ERR3285493.fastq.gz	fasp.sra.ebi.ac.uk:/vol1/fastq/ERR328/003/ERR3285493/ERR3285493.fastq.gz
SAMEA5569283	ERR3285494	ERX3312003	SAMEA5569283	ERS3371305	PRJEB32230	ERP114880		ERA1840429	ena-RUN-IPK-Gatersleben-18-04-2019-07:56:32:760-78	ena-EXPERIMENT-IPK-Gatersleben-18-04-2019-07:56:32:760-78	931333	ena-STUDY-IPK-Gatersleben-18-04-2019-07:56:34:155-178	SINGLE	RANDOM	TRANSCRIPTOMIC	RNA-Seq	unspecified	Illumina HiSeq 2500	ILLUMINA	432000000.0	4000000.0	3702	Arabidopsis thaliana	Wild type Col-0 (seedlings)	Illumina HiSeq 2500 sequencing	Transcriptome response to KNL2 depletion in Arabidopsis	Illumina HiSeq 2500 sequencing	Wild type Col-0  DNA isolated from seedlings	d18953b0573e7ebc69c9aa395d17236c	270425852	ftp.sra.ebi.ac.uk/vol1/fastq/ERR328/004/ERR3285494/ERR3285494.fastq.gz	ftp.sra.ebi.ac.uk/vol1/fastq/ERR328/004/ERR3285494/ERR3285494.fastq.gz	fasp.sra.ebi.ac.uk:/vol1/fastq/ERR328/004/ERR3285494/ERR3285494.fastq.gz
SAMEA5569283	ERR3285495	ERX3312004	SAMEA5569283	ERS3371305	PRJEB32230	ERP114880		ERA1840429	ena-RUN-IPK-Gatersleben-18-04-2019-07:56:32:760-79	ena-EXPERIMENT-IPK-Gatersleben-18-04-2019-07:56:32:760-79	931333	ena-STUDY-IPK-Gatersleben-18-04-2019-07:56:34:155-178	SINGLE	RANDOM	TRANSCRIPTOMIC	RNA-Seq	unspecified	Illumina HiSeq 2500	ILLUMINA	432000000.0	4000000.0	3702	Arabidopsis thaliana	Wild type Col-0 (seedlings)	Illumina HiSeq 2500 sequencing	Transcriptome response to KNL2 depletion in Arabidopsis	Illumina HiSeq 2500 sequencing	Wild type Col-0  DNA isolated from seedlings	ceb7b97080751c877e71cac801a25799	279281557	ftp.sra.ebi.ac.uk/vol1/fastq/ERR328/005/ERR3285495/ERR3285495.fastq.gz	ftp.sra.ebi.ac.uk/vol1/fastq/ERR328/005/ERR3285495/ERR3285495.fastq.gz	fasp.sra.ebi.ac.uk:/vol1/fastq/ERR328/005/ERR3285495/ERR3285495.fastq.gz
SAMEA5569283	ERR3285496	ERX3312005	SAMEA5569283	ERS3371305	PRJEB32230	ERP114880		ERA1840429	ena-RUN-IPK-Gatersleben-18-04-2019-07:56:32:760-80	ena-EXPERIMENT-IPK-Gatersleben-18-04-2019-07:56:32:760-80	931333	ena-STUDY-IPK-Gatersleben-18-04-2019-07:56:34:155-178	SINGLE	RANDOM	TRANSCRIPTOMIC	RNA-Seq	unspecified	Illumina HiSeq 2500	ILLUMINA	432000000.0	4000000.0	3702	Arabidopsis thaliana	Wild type Col-0 (seedlings)	Illumina HiSeq 2500 sequencing	Transcriptome response to KNL2 depletion in Arabidopsis	Illumina HiSeq 2500 sequencing	Wild type Col-0  DNA isolated from seedlings	9705c2aab76429e7ae5387ec63d5c295	266383956	ftp.sra.ebi.ac.uk/vol1/fastq/ERR328/006/ERR3285496/ERR3285496.fastq.gz	ftp.sra.ebi.ac.uk/vol1/fastq/ERR328/006/ERR3285496/ERR3285496.fastq.gz	fasp.sra.ebi.ac.uk:/vol1/fastq/ERR328/006/ERR3285496/ERR3285496.fastq.gz
SAMEA5569283	ERR3285497	ERX3312006	SAMEA5569283	ERS3371305	PRJEB32230	ERP114880		ERA1840429	ena-RUN-IPK-Gatersleben-18-04-2019-07:56:32:760-81	ena-EXPERIMENT-IPK-Gatersleben-18-04-2019-07:56:32:760-81	931333	ena-STUDY-IPK-Gatersleben-18-04-2019-07:56:34:155-178	SINGLE	RANDOM	TRANSCRIPTOMIC	RNA-Seq	unspecified	Illumina HiSeq 2500	ILLUMINA	169316784.0	1567748.0	3702	Arabidopsis thaliana	Wild type Col-0 (seedlings)	Illumina HiSeq 2500 sequencing	Transcriptome response to KNL2 depletion in Arabidopsis	Illumina HiSeq 2500 sequencing	Wild type Col-0  DNA isolated from seedlings	b2e6a2c968c88876d637684bbccf2bf3	111015489	ftp.sra.ebi.ac.uk/vol1/fastq/ERR328/007/ERR3285497/ERR3285497.fastq.gz	ftp.sra.ebi.ac.uk/vol1/fastq/ERR328/007/ERR3285497/ERR3285497.fastq.gz	fasp.sra.ebi.ac.uk:/vol1/fastq/ERR328/007/ERR3285497/ERR3285497.fastq.gz
SAMEA5569284	ERR3285498	ERX3312007	SAMEA5569284	ERS3371306	PRJEB32230	ERP114880		ERA1840429	ena-RUN-IPK-Gatersleben-18-04-2019-07:56:32:760-82	ena-EXPERIMENT-IPK-Gatersleben-18-04-2019-07:56:32:760-82	931334	ena-STUDY-IPK-Gatersleben-18-04-2019-07:56:34:155-178	SINGLE	RANDOM	TRANSCRIPTOMIC	RNA-Seq	unspecified	Illumina HiSeq 2500	ILLUMINA	432000000.0	4000000.0	3702	Arabidopsis thaliana	Wild type Col-0 (seedlings)	Illumina HiSeq 2500 sequencing	Transcriptome response to KNL2 depletion in Arabidopsis	Illumina HiSeq 2500 sequencing	Wild type Col-0  DNA isolated from seedlings	661da0cb0e1f34064812fcb8ff66f3b2	270346712	ftp.sra.ebi.ac.uk/vol1/fastq/ERR328/008/ERR3285498/ERR3285498.fastq.gz	ftp.sra.ebi.ac.uk/vol1/fastq/ERR328/008/ERR3285498/ERR3285498.fastq.gz	fasp.sra.ebi.ac.uk:/vol1/fastq/ERR328/008/ERR3285498/ERR3285498.fastq.gz
SAMEA5569284	ERR3285499	ERX3312008	SAMEA5569284	ERS3371306	PRJEB32230	ERP114880		ERA1840429	ena-RUN-IPK-Gatersleben-18-04-2019-07:56:32:760-83	ena-EXPERIMENT-IPK-Gatersleben-18-04-2019-07:56:32:760-83	931334	ena-STUDY-IPK-Gatersleben-18-04-2019-07:56:34:155-178	SINGLE	RANDOM	TRANSCRIPTOMIC	RNA-Seq	unspecified	Illumina HiSeq 2500	ILLUMINA	432000000.0	4000000.0	3702	Arabidopsis thaliana	Wild type Col-0 (seedlings)	Illumina HiSeq 2500 sequencing	Transcriptome response to KNL2 depletion in Arabidopsis	Illumina HiSeq 2500 sequencing	Wild type Col-0  DNA isolated from seedlings	b6691eea47f198c96295df92f5772ff7	271270051	ftp.sra.ebi.ac.uk/vol1/fastq/ERR328/009/ERR3285499/ERR3285499.fastq.gz	ftp.sra.ebi.ac.uk/vol1/fastq/ERR328/009/ERR3285499/ERR3285499.fastq.gz	fasp.sra.ebi.ac.uk:/vol1/fastq/ERR328/009/ERR3285499/ERR3285499.fastq.gz
SAMEA5569284	ERR3285500	ERX3312009	SAMEA5569284	ERS3371306	PRJEB32230	ERP114880		ERA1840429	ena-RUN-IPK-Gatersleben-18-04-2019-07:56:32:760-84	ena-EXPERIMENT-IPK-Gatersleben-18-04-2019-07:56:32:760-84	931334	ena-STUDY-IPK-Gatersleben-18-04-2019-07:56:34:155-178	SINGLE	RANDOM	TRANSCRIPTOMIC	RNA-Seq	unspecified	Illumina HiSeq 2500	ILLUMINA	432000000.0	4000000.0	3702	Arabidopsis thaliana	Wild type Col-0 (seedlings)	Illumina HiSeq 2500 sequencing	Transcriptome response to KNL2 depletion in Arabidopsis	Illumina HiSeq 2500 sequencing	Wild type Col-0  DNA isolated from seedlings	22751c3c0fd38c3d8717b7c24a7708c8	272029486	ftp.sra.ebi.ac.uk/vol1/fastq/ERR328/000/ERR3285500/ERR3285500.fastq.gz	ftp.sra.ebi.ac.uk/vol1/fastq/ERR328/000/ERR3285500/ERR3285500.fastq.gz	fasp.sra.ebi.ac.uk:/vol1/fastq/ERR328/000/ERR3285500/ERR3285500.fastq.gz
SAMEA5569284	ERR3285501	ERX3312010	SAMEA5569284	ERS3371306	PRJEB32230	ERP114880		ERA1840429	ena-RUN-IPK-Gatersleben-18-04-2019-07:56:32:760-85	ena-EXPERIMENT-IPK-Gatersleben-18-04-2019-07:56:32:760-85	931334	ena-STUDY-IPK-Gatersleben-18-04-2019-07:56:34:155-178	SINGLE	RANDOM	TRANSCRIPTOMIC	RNA-Seq	unspecified	Illumina HiSeq 2500	ILLUMINA	432000000.0	4000000.0	3702	Arabidopsis thaliana	Wild type Col-0 (seedlings)	Illumina HiSeq 2500 sequencing	Transcriptome response to KNL2 depletion in Arabidopsis	Illumina HiSeq 2500 sequencing	Wild type Col-0  DNA isolated from seedlings	0e4f9c0b7bd51b27d4cafba58dc581b6	272951257	ftp.sra.ebi.ac.uk/vol1/fastq/ERR328/001/ERR3285501/ERR3285501.fastq.gz	ftp.sra.ebi.ac.uk/vol1/fastq/ERR328/001/ERR3285501/ERR3285501.fastq.gz	fasp.sra.ebi.ac.uk:/vol1/fastq/ERR328/001/ERR3285501/ERR3285501.fastq.gz
SAMEA5569284	ERR3285502	ERX3312011	SAMEA5569284	ERS3371306	PRJEB32230	ERP114880		ERA1840429	ena-RUN-IPK-Gatersleben-18-04-2019-07:56:32:761-86	ena-EXPERIMENT-IPK-Gatersleben-18-04-2019-07:56:32:760-86	931334	ena-STUDY-IPK-Gatersleben-18-04-2019-07:56:34:155-178	SINGLE	RANDOM	TRANSCRIPTOMIC	RNA-Seq	unspecified	Illumina HiSeq 2500	ILLUMINA	257779800.0	2386850.0	3702	Arabidopsis thaliana	Wild type Col-0 (seedlings)	Illumina HiSeq 2500 sequencing	Transcriptome response to KNL2 depletion in Arabidopsis	Illumina HiSeq 2500 sequencing	Wild type Col-0  DNA isolated from seedlings	cb941c08b3e19b8e68a1ce1d84b80475	164929360	ftp.sra.ebi.ac.uk/vol1/fastq/ERR328/002/ERR3285502/ERR3285502.fastq.gz	ftp.sra.ebi.ac.uk/vol1/fastq/ERR328/002/ERR3285502/ERR3285502.fastq.gz	fasp.sra.ebi.ac.uk:/vol1/fastq/ERR328/002/ERR3285502/ERR3285502.fastq.gz
