SAMN09689105	SRR7536178	SRX4403815	SAMN09689105	SRS3558267	PRJNA481718	SRP154323	PRJNA481711;PRJNA9506	SRA741754	GSM3290655_r1	GSM3290655	GSM3290655	GSE117298	SINGLE	cDNA	TRANSCRIPTOMIC	RNA-Seq		NextSeq 500	ILLUMINA	381890948	5057369	3702	Arabidopsis thaliana	Col_H2O_Control_Local Leaf_rep1	NextSeq 500 sequencing; GSM3290655: Col_H2O_Control_Local Leaf_rep1; Arabidopsis thaliana; RNA-Seq	Identification and characterization of a core set of ROS wave-associated transcripts involved in the systemic acquired acclimation response of Arabidopsis to excess light [DPI]	NextSeq 500 sequencing; GSM3290655: Col_H2O_Control_Local Leaf_rep1; Arabidopsis thaliana; RNA-Seq	Col_H2O_Control_Local Leaf_rep1	40a6625e049e6fa4fd39ed69b6623cf2	230684667	ftp.sra.ebi.ac.uk/vol1/fastq/SRR753/008/SRR7536178/SRR7536178.fastq.gz	ftp.sra.ebi.ac.uk/vol1/fastq/SRR753/008/SRR7536178/SRR7536178.fastq.gz	fasp.sra.ebi.ac.uk:/vol1/fastq/SRR753/008/SRR7536178/SRR7536178.fastq.gz
SAMN09689105	SRR7536179	SRX4403815	SAMN09689105	SRS3558267	PRJNA481718	SRP154323	PRJNA481711;PRJNA9506	SRA741754	GSM3290655_r2	GSM3290655	GSM3290655	GSE117298	SINGLE	cDNA	TRANSCRIPTOMIC	RNA-Seq		NextSeq 500	ILLUMINA	382912042	5070802	3702	Arabidopsis thaliana	Col_H2O_Control_Local Leaf_rep1	NextSeq 500 sequencing; GSM3290655: Col_H2O_Control_Local Leaf_rep1; Arabidopsis thaliana; RNA-Seq	Identification and characterization of a core set of ROS wave-associated transcripts involved in the systemic acquired acclimation response of Arabidopsis to excess light [DPI]	NextSeq 500 sequencing; GSM3290655: Col_H2O_Control_Local Leaf_rep1; Arabidopsis thaliana; RNA-Seq	Col_H2O_Control_Local Leaf_rep1	b8e4fcd568fb2decc2f24c2c393d09b4	227850939	ftp.sra.ebi.ac.uk/vol1/fastq/SRR753/009/SRR7536179/SRR7536179.fastq.gz	ftp.sra.ebi.ac.uk/vol1/fastq/SRR753/009/SRR7536179/SRR7536179.fastq.gz	fasp.sra.ebi.ac.uk:/vol1/fastq/SRR753/009/SRR7536179/SRR7536179.fastq.gz
SAMN09689105	SRR7536180	SRX4403815	SAMN09689105	SRS3558267	PRJNA481718	SRP154323	PRJNA481711;PRJNA9506	SRA741754	GSM3290655_r3	GSM3290655	GSM3290655	GSE117298	SINGLE	cDNA	TRANSCRIPTOMIC	RNA-Seq		NextSeq 500	ILLUMINA	382915076	5070919	3702	Arabidopsis thaliana	Col_H2O_Control_Local Leaf_rep1	NextSeq 500 sequencing; GSM3290655: Col_H2O_Control_Local Leaf_rep1; Arabidopsis thaliana; RNA-Seq	Identification and characterization of a core set of ROS wave-associated transcripts involved in the systemic acquired acclimation response of Arabidopsis to excess light [DPI]	NextSeq 500 sequencing; GSM3290655: Col_H2O_Control_Local Leaf_rep1; Arabidopsis thaliana; RNA-Seq	Col_H2O_Control_Local Leaf_rep1	8eef04bcadfddf469d9f344d9efc5e6b	234699396	ftp.sra.ebi.ac.uk/vol1/fastq/SRR753/000/SRR7536180/SRR7536180.fastq.gz	ftp.sra.ebi.ac.uk/vol1/fastq/SRR753/000/SRR7536180/SRR7536180.fastq.gz	fasp.sra.ebi.ac.uk:/vol1/fastq/SRR753/000/SRR7536180/SRR7536180.fastq.gz
SAMN09689105	SRR7536181	SRX4403815	SAMN09689105	SRS3558267	PRJNA481718	SRP154323	PRJNA481711;PRJNA9506	SRA741754	GSM3290655_r4	GSM3290655	GSM3290655	GSE117298	SINGLE	cDNA	TRANSCRIPTOMIC	RNA-Seq		NextSeq 500	ILLUMINA	369212739	4889317	3702	Arabidopsis thaliana	Col_H2O_Control_Local Leaf_rep1	NextSeq 500 sequencing; GSM3290655: Col_H2O_Control_Local Leaf_rep1; Arabidopsis thaliana; RNA-Seq	Identification and characterization of a core set of ROS wave-associated transcripts involved in the systemic acquired acclimation response of Arabidopsis to excess light [DPI]	NextSeq 500 sequencing; GSM3290655: Col_H2O_Control_Local Leaf_rep1; Arabidopsis thaliana; RNA-Seq	Col_H2O_Control_Local Leaf_rep1	a30f20ccb6371da76a7a1dee130820cc	228422619	ftp.sra.ebi.ac.uk/vol1/fastq/SRR753/001/SRR7536181/SRR7536181.fastq.gz	ftp.sra.ebi.ac.uk/vol1/fastq/SRR753/001/SRR7536181/SRR7536181.fastq.gz	fasp.sra.ebi.ac.uk:/vol1/fastq/SRR753/001/SRR7536181/SRR7536181.fastq.gz
SAMN09689104	SRR7536182	SRX4403816	SAMN09689104	SRS3558268	PRJNA481718	SRP154323	PRJNA481711;PRJNA9506	SRA741754	GSM3290656_r1	GSM3290656	GSM3290656	GSE117298	SINGLE	cDNA	TRANSCRIPTOMIC	RNA-Seq		NextSeq 500	ILLUMINA	346264051	4585494	3702	Arabidopsis thaliana	Col_H2O_Control_Systemic Leaf_rep1	NextSeq 500 sequencing; GSM3290656: Col_H2O_Control_Systemic Leaf_rep1; Arabidopsis thaliana; RNA-Seq	Identification and characterization of a core set of ROS wave-associated transcripts involved in the systemic acquired acclimation response of Arabidopsis to excess light [DPI]	NextSeq 500 sequencing; GSM3290656: Col_H2O_Control_Systemic Leaf_rep1; Arabidopsis thaliana; RNA-Seq	Col_H2O_Control_Systemic Leaf_rep1	691e566d6126f3f26eef1b7be011ac19	208683856	ftp.sra.ebi.ac.uk/vol1/fastq/SRR753/002/SRR7536182/SRR7536182.fastq.gz	ftp.sra.ebi.ac.uk/vol1/fastq/SRR753/002/SRR7536182/SRR7536182.fastq.gz	fasp.sra.ebi.ac.uk:/vol1/fastq/SRR753/002/SRR7536182/SRR7536182.fastq.gz
SAMN09689104	SRR7536183	SRX4403816	SAMN09689104	SRS3558268	PRJNA481718	SRP154323	PRJNA481711;PRJNA9506	SRA741754	GSM3290656_r2	GSM3290656	GSM3290656	GSE117298	SINGLE	cDNA	TRANSCRIPTOMIC	RNA-Seq		NextSeq 500	ILLUMINA	345889276	4580416	3702	Arabidopsis thaliana	Col_H2O_Control_Systemic Leaf_rep1	NextSeq 500 sequencing; GSM3290656: Col_H2O_Control_Systemic Leaf_rep1; Arabidopsis thaliana; RNA-Seq	Identification and characterization of a core set of ROS wave-associated transcripts involved in the systemic acquired acclimation response of Arabidopsis to excess light [DPI]	NextSeq 500 sequencing; GSM3290656: Col_H2O_Control_Systemic Leaf_rep1; Arabidopsis thaliana; RNA-Seq	Col_H2O_Control_Systemic Leaf_rep1	56b2d8be7616eb98ce000715845014ae	205396742	ftp.sra.ebi.ac.uk/vol1/fastq/SRR753/003/SRR7536183/SRR7536183.fastq.gz	ftp.sra.ebi.ac.uk/vol1/fastq/SRR753/003/SRR7536183/SRR7536183.fastq.gz	fasp.sra.ebi.ac.uk:/vol1/fastq/SRR753/003/SRR7536183/SRR7536183.fastq.gz
SAMN09689104	SRR7536184	SRX4403816	SAMN09689104	SRS3558268	PRJNA481718	SRP154323	PRJNA481711;PRJNA9506	SRA741754	GSM3290656_r3	GSM3290656	GSM3290656	GSE117298	SINGLE	cDNA	TRANSCRIPTOMIC	RNA-Seq		NextSeq 500	ILLUMINA	347429893	4600848	3702	Arabidopsis thaliana	Col_H2O_Control_Systemic Leaf_rep1	NextSeq 500 sequencing; GSM3290656: Col_H2O_Control_Systemic Leaf_rep1; Arabidopsis thaliana; RNA-Seq	Identification and characterization of a core set of ROS wave-associated transcripts involved in the systemic acquired acclimation response of Arabidopsis to excess light [DPI]	NextSeq 500 sequencing; GSM3290656: Col_H2O_Control_Systemic Leaf_rep1; Arabidopsis thaliana; RNA-Seq	Col_H2O_Control_Systemic Leaf_rep1	4aeab8531d5f59dd001f2f50642b1e2c	212435228	ftp.sra.ebi.ac.uk/vol1/fastq/SRR753/004/SRR7536184/SRR7536184.fastq.gz	ftp.sra.ebi.ac.uk/vol1/fastq/SRR753/004/SRR7536184/SRR7536184.fastq.gz	fasp.sra.ebi.ac.uk:/vol1/fastq/SRR753/004/SRR7536184/SRR7536184.fastq.gz
SAMN09689104	SRR7536185	SRX4403816	SAMN09689104	SRS3558268	PRJNA481718	SRP154323	PRJNA481711;PRJNA9506	SRA741754	GSM3290656_r4	GSM3290656	GSM3290656	GSE117298	SINGLE	cDNA	TRANSCRIPTOMIC	RNA-Seq		NextSeq 500	ILLUMINA	335456060	4442232	3702	Arabidopsis thaliana	Col_H2O_Control_Systemic Leaf_rep1	NextSeq 500 sequencing; GSM3290656: Col_H2O_Control_Systemic Leaf_rep1; Arabidopsis thaliana; RNA-Seq	Identification and characterization of a core set of ROS wave-associated transcripts involved in the systemic acquired acclimation response of Arabidopsis to excess light [DPI]	NextSeq 500 sequencing; GSM3290656: Col_H2O_Control_Systemic Leaf_rep1; Arabidopsis thaliana; RNA-Seq	Col_H2O_Control_Systemic Leaf_rep1	c59cdf5309bc570d1439395b4167be11	207046120	ftp.sra.ebi.ac.uk/vol1/fastq/SRR753/005/SRR7536185/SRR7536185.fastq.gz	ftp.sra.ebi.ac.uk/vol1/fastq/SRR753/005/SRR7536185/SRR7536185.fastq.gz	fasp.sra.ebi.ac.uk:/vol1/fastq/SRR753/005/SRR7536185/SRR7536185.fastq.gz
SAMN09689098	SRR7536186	SRX4403817	SAMN09689098	SRS3558270	PRJNA481718	SRP154323	PRJNA481711;PRJNA9506	SRA741754	GSM3290657_r1	GSM3290657	GSM3290657	GSE117298	SINGLE	cDNA	TRANSCRIPTOMIC	RNA-Seq		NextSeq 500	ILLUMINA	370868052	4911300	3702	Arabidopsis thaliana	Col_H2O_Highlight 8min_Local Leaf_rep1	NextSeq 500 sequencing; GSM3290657: Col_H2O_Highlight 8min_Local Leaf_rep1; Arabidopsis thaliana; RNA-Seq	Identification and characterization of a core set of ROS wave-associated transcripts involved in the systemic acquired acclimation response of Arabidopsis to excess light [DPI]	NextSeq 500 sequencing; GSM3290657: Col_H2O_Highlight 8min_Local Leaf_rep1; Arabidopsis thaliana; RNA-Seq	Col_H2O_Highlight 8min_Local Leaf_rep1	bbd219915e64e7c34e04be4fc06c6d75	223888648	ftp.sra.ebi.ac.uk/vol1/fastq/SRR753/006/SRR7536186/SRR7536186.fastq.gz	ftp.sra.ebi.ac.uk/vol1/fastq/SRR753/006/SRR7536186/SRR7536186.fastq.gz	fasp.sra.ebi.ac.uk:/vol1/fastq/SRR753/006/SRR7536186/SRR7536186.fastq.gz
SAMN09689098	SRR7536187	SRX4403817	SAMN09689098	SRS3558270	PRJNA481718	SRP154323	PRJNA481711;PRJNA9506	SRA741754	GSM3290657_r2	GSM3290657	GSM3290657	GSE117298	SINGLE	cDNA	TRANSCRIPTOMIC	RNA-Seq		NextSeq 500	ILLUMINA	369604810	4894473	3702	Arabidopsis thaliana	Col_H2O_Highlight 8min_Local Leaf_rep1	NextSeq 500 sequencing; GSM3290657: Col_H2O_Highlight 8min_Local Leaf_rep1; Arabidopsis thaliana; RNA-Seq	Identification and characterization of a core set of ROS wave-associated transcripts involved in the systemic acquired acclimation response of Arabidopsis to excess light [DPI]	NextSeq 500 sequencing; GSM3290657: Col_H2O_Highlight 8min_Local Leaf_rep1; Arabidopsis thaliana; RNA-Seq	Col_H2O_Highlight 8min_Local Leaf_rep1	0ccf566c1ee7863da3cb4815288ee2c9	219914597	ftp.sra.ebi.ac.uk/vol1/fastq/SRR753/007/SRR7536187/SRR7536187.fastq.gz	ftp.sra.ebi.ac.uk/vol1/fastq/SRR753/007/SRR7536187/SRR7536187.fastq.gz	fasp.sra.ebi.ac.uk:/vol1/fastq/SRR753/007/SRR7536187/SRR7536187.fastq.gz
SAMN09689098	SRR7536188	SRX4403817	SAMN09689098	SRS3558270	PRJNA481718	SRP154323	PRJNA481711;PRJNA9506	SRA741754	GSM3290657_r3	GSM3290657	GSM3290657	GSE117298	SINGLE	cDNA	TRANSCRIPTOMIC	RNA-Seq		NextSeq 500	ILLUMINA	372981082	4939191	3702	Arabidopsis thaliana	Col_H2O_Highlight 8min_Local Leaf_rep1	NextSeq 500 sequencing; GSM3290657: Col_H2O_Highlight 8min_Local Leaf_rep1; Arabidopsis thaliana; RNA-Seq	Identification and characterization of a core set of ROS wave-associated transcripts involved in the systemic acquired acclimation response of Arabidopsis to excess light [DPI]	NextSeq 500 sequencing; GSM3290657: Col_H2O_Highlight 8min_Local Leaf_rep1; Arabidopsis thaliana; RNA-Seq	Col_H2O_Highlight 8min_Local Leaf_rep1	85877df33e8ed3857bcc5dbb9aa3eba5	228405916	ftp.sra.ebi.ac.uk/vol1/fastq/SRR753/008/SRR7536188/SRR7536188.fastq.gz	ftp.sra.ebi.ac.uk/vol1/fastq/SRR753/008/SRR7536188/SRR7536188.fastq.gz	fasp.sra.ebi.ac.uk:/vol1/fastq/SRR753/008/SRR7536188/SRR7536188.fastq.gz
SAMN09689098	SRR7536189	SRX4403817	SAMN09689098	SRS3558270	PRJNA481718	SRP154323	PRJNA481711;PRJNA9506	SRA741754	GSM3290657_r4	GSM3290657	GSM3290657	GSE117298	SINGLE	cDNA	TRANSCRIPTOMIC	RNA-Seq		NextSeq 500	ILLUMINA	359786931	4764442	3702	Arabidopsis thaliana	Col_H2O_Highlight 8min_Local Leaf_rep1	NextSeq 500 sequencing; GSM3290657: Col_H2O_Highlight 8min_Local Leaf_rep1; Arabidopsis thaliana; RNA-Seq	Identification and characterization of a core set of ROS wave-associated transcripts involved in the systemic acquired acclimation response of Arabidopsis to excess light [DPI]	NextSeq 500 sequencing; GSM3290657: Col_H2O_Highlight 8min_Local Leaf_rep1; Arabidopsis thaliana; RNA-Seq	Col_H2O_Highlight 8min_Local Leaf_rep1	3f502d5b71a52c7184d23cec445b00fa	222349160	ftp.sra.ebi.ac.uk/vol1/fastq/SRR753/009/SRR7536189/SRR7536189.fastq.gz	ftp.sra.ebi.ac.uk/vol1/fastq/SRR753/009/SRR7536189/SRR7536189.fastq.gz	fasp.sra.ebi.ac.uk:/vol1/fastq/SRR753/009/SRR7536189/SRR7536189.fastq.gz
SAMN09689097	SRR7536190	SRX4403818	SAMN09689097	SRS3558272	PRJNA481718	SRP154323	PRJNA481711;PRJNA9506	SRA741754	GSM3290658_r1	GSM3290658	GSM3290658	GSE117298	SINGLE	cDNA	TRANSCRIPTOMIC	RNA-Seq		NextSeq 500	ILLUMINA	350000137	4635137	3702	Arabidopsis thaliana	Col_H2O_Highlight 8min_Systemic Leaf_rep1	NextSeq 500 sequencing; GSM3290658: Col_H2O_Highlight 8min_Systemic Leaf_rep1; Arabidopsis thaliana; RNA-Seq	Identification and characterization of a core set of ROS wave-associated transcripts involved in the systemic acquired acclimation response of Arabidopsis to excess light [DPI]	NextSeq 500 sequencing; GSM3290658: Col_H2O_Highlight 8min_Systemic Leaf_rep1; Arabidopsis thaliana; RNA-Seq	Col_H2O_Highlight 8min_Systemic Leaf_rep1	aa195ebe02208db8d6a463552c21cf46	211716586	ftp.sra.ebi.ac.uk/vol1/fastq/SRR753/000/SRR7536190/SRR7536190.fastq.gz	ftp.sra.ebi.ac.uk/vol1/fastq/SRR753/000/SRR7536190/SRR7536190.fastq.gz	fasp.sra.ebi.ac.uk:/vol1/fastq/SRR753/000/SRR7536190/SRR7536190.fastq.gz
SAMN09689097	SRR7536191	SRX4403818	SAMN09689097	SRS3558272	PRJNA481718	SRP154323	PRJNA481711;PRJNA9506	SRA741754	GSM3290658_r2	GSM3290658	GSM3290658	GSE117298	SINGLE	cDNA	TRANSCRIPTOMIC	RNA-Seq		NextSeq 500	ILLUMINA	349778614	4632173	3702	Arabidopsis thaliana	Col_H2O_Highlight 8min_Systemic Leaf_rep1	NextSeq 500 sequencing; GSM3290658: Col_H2O_Highlight 8min_Systemic Leaf_rep1; Arabidopsis thaliana; RNA-Seq	Identification and characterization of a core set of ROS wave-associated transcripts involved in the systemic acquired acclimation response of Arabidopsis to excess light [DPI]	NextSeq 500 sequencing; GSM3290658: Col_H2O_Highlight 8min_Systemic Leaf_rep1; Arabidopsis thaliana; RNA-Seq	Col_H2O_Highlight 8min_Systemic Leaf_rep1	4cfd42224eeb11a8c16ece188527317f	208497564	ftp.sra.ebi.ac.uk/vol1/fastq/SRR753/001/SRR7536191/SRR7536191.fastq.gz	ftp.sra.ebi.ac.uk/vol1/fastq/SRR753/001/SRR7536191/SRR7536191.fastq.gz	fasp.sra.ebi.ac.uk:/vol1/fastq/SRR753/001/SRR7536191/SRR7536191.fastq.gz
SAMN09689097	SRR7536192	SRX4403818	SAMN09689097	SRS3558272	PRJNA481718	SRP154323	PRJNA481711;PRJNA9506	SRA741754	GSM3290658_r3	GSM3290658	GSM3290658	GSE117298	SINGLE	cDNA	TRANSCRIPTOMIC	RNA-Seq		NextSeq 500	ILLUMINA	351399728	4653593	3702	Arabidopsis thaliana	Col_H2O_Highlight 8min_Systemic Leaf_rep1	NextSeq 500 sequencing; GSM3290658: Col_H2O_Highlight 8min_Systemic Leaf_rep1; Arabidopsis thaliana; RNA-Seq	Identification and characterization of a core set of ROS wave-associated transcripts involved in the systemic acquired acclimation response of Arabidopsis to excess light [DPI]	NextSeq 500 sequencing; GSM3290658: Col_H2O_Highlight 8min_Systemic Leaf_rep1; Arabidopsis thaliana; RNA-Seq	Col_H2O_Highlight 8min_Systemic Leaf_rep1	27de284ba104dd44f92995938ddb1493	215666860	ftp.sra.ebi.ac.uk/vol1/fastq/SRR753/002/SRR7536192/SRR7536192.fastq.gz	ftp.sra.ebi.ac.uk/vol1/fastq/SRR753/002/SRR7536192/SRR7536192.fastq.gz	fasp.sra.ebi.ac.uk:/vol1/fastq/SRR753/002/SRR7536192/SRR7536192.fastq.gz
SAMN09689097	SRR7536193	SRX4403818	SAMN09689097	SRS3558272	PRJNA481718	SRP154323	PRJNA481711;PRJNA9506	SRA741754	GSM3290658_r4	GSM3290658	GSM3290658	GSE117298	SINGLE	cDNA	TRANSCRIPTOMIC	RNA-Seq		NextSeq 500	ILLUMINA	338424717	4481692	3702	Arabidopsis thaliana	Col_H2O_Highlight 8min_Systemic Leaf_rep1	NextSeq 500 sequencing; GSM3290658: Col_H2O_Highlight 8min_Systemic Leaf_rep1; Arabidopsis thaliana; RNA-Seq	Identification and characterization of a core set of ROS wave-associated transcripts involved in the systemic acquired acclimation response of Arabidopsis to excess light [DPI]	NextSeq 500 sequencing; GSM3290658: Col_H2O_Highlight 8min_Systemic Leaf_rep1; Arabidopsis thaliana; RNA-Seq	Col_H2O_Highlight 8min_Systemic Leaf_rep1	dd1442aacb7bc945f815e72723f6d437	209662195	ftp.sra.ebi.ac.uk/vol1/fastq/SRR753/003/SRR7536193/SRR7536193.fastq.gz	ftp.sra.ebi.ac.uk/vol1/fastq/SRR753/003/SRR7536193/SRR7536193.fastq.gz	fasp.sra.ebi.ac.uk:/vol1/fastq/SRR753/003/SRR7536193/SRR7536193.fastq.gz
SAMN09689103	SRR7536194	SRX4403819	SAMN09689103	SRS3558271	PRJNA481718	SRP154323	PRJNA481711;PRJNA9506	SRA741754	GSM3290659_r1	GSM3290659	GSM3290659	GSE117298	SINGLE	cDNA	TRANSCRIPTOMIC	RNA-Seq		NextSeq 500	ILLUMINA	326716407	4326694	3702	Arabidopsis thaliana	Col_DPI_Control_Local Leaf_rep1	NextSeq 500 sequencing; GSM3290659: Col_DPI_Control_Local Leaf_rep1; Arabidopsis thaliana; RNA-Seq	Identification and characterization of a core set of ROS wave-associated transcripts involved in the systemic acquired acclimation response of Arabidopsis to excess light [DPI]	NextSeq 500 sequencing; GSM3290659: Col_DPI_Control_Local Leaf_rep1; Arabidopsis thaliana; RNA-Seq	Col_DPI_Control_Local Leaf_rep1	df6fb217250259c93864b1644b48728d	198422133	ftp.sra.ebi.ac.uk/vol1/fastq/SRR753/004/SRR7536194/SRR7536194.fastq.gz	ftp.sra.ebi.ac.uk/vol1/fastq/SRR753/004/SRR7536194/SRR7536194.fastq.gz	fasp.sra.ebi.ac.uk:/vol1/fastq/SRR753/004/SRR7536194/SRR7536194.fastq.gz
SAMN09689103	SRR7536195	SRX4403819	SAMN09689103	SRS3558271	PRJNA481718	SRP154323	PRJNA481711;PRJNA9506	SRA741754	GSM3290659_r2	GSM3290659	GSM3290659	GSE117298	SINGLE	cDNA	TRANSCRIPTOMIC	RNA-Seq		NextSeq 500	ILLUMINA	326454971	4323112	3702	Arabidopsis thaliana	Col_DPI_Control_Local Leaf_rep1	NextSeq 500 sequencing; GSM3290659: Col_DPI_Control_Local Leaf_rep1; Arabidopsis thaliana; RNA-Seq	Identification and characterization of a core set of ROS wave-associated transcripts involved in the systemic acquired acclimation response of Arabidopsis to excess light [DPI]	NextSeq 500 sequencing; GSM3290659: Col_DPI_Control_Local Leaf_rep1; Arabidopsis thaliana; RNA-Seq	Col_DPI_Control_Local Leaf_rep1	455f2100f5c7d8e7e9f2409ae10fe247	195338993	ftp.sra.ebi.ac.uk/vol1/fastq/SRR753/005/SRR7536195/SRR7536195.fastq.gz	ftp.sra.ebi.ac.uk/vol1/fastq/SRR753/005/SRR7536195/SRR7536195.fastq.gz	fasp.sra.ebi.ac.uk:/vol1/fastq/SRR753/005/SRR7536195/SRR7536195.fastq.gz
SAMN09689103	SRR7536196	SRX4403819	SAMN09689103	SRS3558271	PRJNA481718	SRP154323	PRJNA481711;PRJNA9506	SRA741754	GSM3290659_r3	GSM3290659	GSM3290659	GSE117298	SINGLE	cDNA	TRANSCRIPTOMIC	RNA-Seq		NextSeq 500	ILLUMINA	327478636	4336771	3702	Arabidopsis thaliana	Col_DPI_Control_Local Leaf_rep1	NextSeq 500 sequencing; GSM3290659: Col_DPI_Control_Local Leaf_rep1; Arabidopsis thaliana; RNA-Seq	Identification and characterization of a core set of ROS wave-associated transcripts involved in the systemic acquired acclimation response of Arabidopsis to excess light [DPI]	NextSeq 500 sequencing; GSM3290659: Col_DPI_Control_Local Leaf_rep1; Arabidopsis thaliana; RNA-Seq	Col_DPI_Control_Local Leaf_rep1	fb1d016cf1fd41e4d573b2dbdd218187	201818546	ftp.sra.ebi.ac.uk/vol1/fastq/SRR753/006/SRR7536196/SRR7536196.fastq.gz	ftp.sra.ebi.ac.uk/vol1/fastq/SRR753/006/SRR7536196/SRR7536196.fastq.gz	fasp.sra.ebi.ac.uk:/vol1/fastq/SRR753/006/SRR7536196/SRR7536196.fastq.gz
SAMN09689103	SRR7536197	SRX4403819	SAMN09689103	SRS3558271	PRJNA481718	SRP154323	PRJNA481711;PRJNA9506	SRA741754	GSM3290659_r4	GSM3290659	GSM3290659	GSE117298	SINGLE	cDNA	TRANSCRIPTOMIC	RNA-Seq		NextSeq 500	ILLUMINA	315476084	4177760	3702	Arabidopsis thaliana	Col_DPI_Control_Local Leaf_rep1	NextSeq 500 sequencing; GSM3290659: Col_DPI_Control_Local Leaf_rep1; Arabidopsis thaliana; RNA-Seq	Identification and characterization of a core set of ROS wave-associated transcripts involved in the systemic acquired acclimation response of Arabidopsis to excess light [DPI]	NextSeq 500 sequencing; GSM3290659: Col_DPI_Control_Local Leaf_rep1; Arabidopsis thaliana; RNA-Seq	Col_DPI_Control_Local Leaf_rep1	7879f21629019f5ab19e3dc4f6940c24	196245930	ftp.sra.ebi.ac.uk/vol1/fastq/SRR753/007/SRR7536197/SRR7536197.fastq.gz	ftp.sra.ebi.ac.uk/vol1/fastq/SRR753/007/SRR7536197/SRR7536197.fastq.gz	fasp.sra.ebi.ac.uk:/vol1/fastq/SRR753/007/SRR7536197/SRR7536197.fastq.gz
SAMN09689102	SRR7536198	SRX4403820	SAMN09689102	SRS3558269	PRJNA481718	SRP154323	PRJNA481711;PRJNA9506	SRA741754	GSM3290660_r1	GSM3290660	GSM3290660	GSE117298	SINGLE	cDNA	TRANSCRIPTOMIC	RNA-Seq		NextSeq 500	ILLUMINA	368689561	4882646	3702	Arabidopsis thaliana	Col_DPI_Control_Systemic Leaf_rep1	NextSeq 500 sequencing; GSM3290660: Col_DPI_Control_Systemic Leaf_rep1; Arabidopsis thaliana; RNA-Seq	Identification and characterization of a core set of ROS wave-associated transcripts involved in the systemic acquired acclimation response of Arabidopsis to excess light [DPI]	NextSeq 500 sequencing; GSM3290660: Col_DPI_Control_Systemic Leaf_rep1; Arabidopsis thaliana; RNA-Seq	Col_DPI_Control_Systemic Leaf_rep1	728e3ee359c0ccb06fdfeefbb90c00b6	222540772	ftp.sra.ebi.ac.uk/vol1/fastq/SRR753/008/SRR7536198/SRR7536198.fastq.gz	ftp.sra.ebi.ac.uk/vol1/fastq/SRR753/008/SRR7536198/SRR7536198.fastq.gz	fasp.sra.ebi.ac.uk:/vol1/fastq/SRR753/008/SRR7536198/SRR7536198.fastq.gz
SAMN09689102	SRR7536199	SRX4403820	SAMN09689102	SRS3558269	PRJNA481718	SRP154323	PRJNA481711;PRJNA9506	SRA741754	GSM3290660_r2	GSM3290660	GSM3290660	GSE117298	SINGLE	cDNA	TRANSCRIPTOMIC	RNA-Seq		NextSeq 500	ILLUMINA	368105800	4874803	3702	Arabidopsis thaliana	Col_DPI_Control_Systemic Leaf_rep1	NextSeq 500 sequencing; GSM3290660: Col_DPI_Control_Systemic Leaf_rep1; Arabidopsis thaliana; RNA-Seq	Identification and characterization of a core set of ROS wave-associated transcripts involved in the systemic acquired acclimation response of Arabidopsis to excess light [DPI]	NextSeq 500 sequencing; GSM3290660: Col_DPI_Control_Systemic Leaf_rep1; Arabidopsis thaliana; RNA-Seq	Col_DPI_Control_Systemic Leaf_rep1	23f52eb0b454cc873440e49e7f7d7094	218890652	ftp.sra.ebi.ac.uk/vol1/fastq/SRR753/009/SRR7536199/SRR7536199.fastq.gz	ftp.sra.ebi.ac.uk/vol1/fastq/SRR753/009/SRR7536199/SRR7536199.fastq.gz	fasp.sra.ebi.ac.uk:/vol1/fastq/SRR753/009/SRR7536199/SRR7536199.fastq.gz
SAMN09689102	SRR7536200	SRX4403820	SAMN09689102	SRS3558269	PRJNA481718	SRP154323	PRJNA481711;PRJNA9506	SRA741754	GSM3290660_r3	GSM3290660	GSM3290660	GSE117298	SINGLE	cDNA	TRANSCRIPTOMIC	RNA-Seq		NextSeq 500	ILLUMINA	370508518	4906602	3702	Arabidopsis thaliana	Col_DPI_Control_Systemic Leaf_rep1	NextSeq 500 sequencing; GSM3290660: Col_DPI_Control_Systemic Leaf_rep1; Arabidopsis thaliana; RNA-Seq	Identification and characterization of a core set of ROS wave-associated transcripts involved in the systemic acquired acclimation response of Arabidopsis to excess light [DPI]	NextSeq 500 sequencing; GSM3290660: Col_DPI_Control_Systemic Leaf_rep1; Arabidopsis thaliana; RNA-Seq	Col_DPI_Control_Systemic Leaf_rep1	37f615d4ba641df613c0fb75ec6e6547	226875734	ftp.sra.ebi.ac.uk/vol1/fastq/SRR753/000/SRR7536200/SRR7536200.fastq.gz	ftp.sra.ebi.ac.uk/vol1/fastq/SRR753/000/SRR7536200/SRR7536200.fastq.gz	fasp.sra.ebi.ac.uk:/vol1/fastq/SRR753/000/SRR7536200/SRR7536200.fastq.gz
SAMN09689102	SRR7536201	SRX4403820	SAMN09689102	SRS3558269	PRJNA481718	SRP154323	PRJNA481711;PRJNA9506	SRA741754	GSM3290660_r4	GSM3290660	GSM3290660	GSE117298	SINGLE	cDNA	TRANSCRIPTOMIC	RNA-Seq		NextSeq 500	ILLUMINA	358217890	4743863	3702	Arabidopsis thaliana	Col_DPI_Control_Systemic Leaf_rep1	NextSeq 500 sequencing; GSM3290660: Col_DPI_Control_Systemic Leaf_rep1; Arabidopsis thaliana; RNA-Seq	Identification and characterization of a core set of ROS wave-associated transcripts involved in the systemic acquired acclimation response of Arabidopsis to excess light [DPI]	NextSeq 500 sequencing; GSM3290660: Col_DPI_Control_Systemic Leaf_rep1; Arabidopsis thaliana; RNA-Seq	Col_DPI_Control_Systemic Leaf_rep1	7d6d4924971ade937bacd6d36eb37d4e	221339279	ftp.sra.ebi.ac.uk/vol1/fastq/SRR753/001/SRR7536201/SRR7536201.fastq.gz	ftp.sra.ebi.ac.uk/vol1/fastq/SRR753/001/SRR7536201/SRR7536201.fastq.gz	fasp.sra.ebi.ac.uk:/vol1/fastq/SRR753/001/SRR7536201/SRR7536201.fastq.gz
SAMN09689101	SRR7536202	SRX4403821	SAMN09689101	SRS3558273	PRJNA481718	SRP154323	PRJNA481711;PRJNA9506	SRA741754	GSM3290661_r1	GSM3290661	GSM3290661	GSE117298	SINGLE	cDNA	TRANSCRIPTOMIC	RNA-Seq		NextSeq 500	ILLUMINA	281300631	3725176	3702	Arabidopsis thaliana	Col_DPI_Highlight 8min_Local Leaf_rep1	NextSeq 500 sequencing; GSM3290661: Col_DPI_Highlight 8min_Local Leaf_rep1; Arabidopsis thaliana; RNA-Seq	Identification and characterization of a core set of ROS wave-associated transcripts involved in the systemic acquired acclimation response of Arabidopsis to excess light [DPI]	NextSeq 500 sequencing; GSM3290661: Col_DPI_Highlight 8min_Local Leaf_rep1; Arabidopsis thaliana; RNA-Seq	Col_DPI_Highlight 8min_Local Leaf_rep1	516e42ec6ec51eaf7ee34c851ce0d059	170015579	ftp.sra.ebi.ac.uk/vol1/fastq/SRR753/002/SRR7536202/SRR7536202.fastq.gz	ftp.sra.ebi.ac.uk/vol1/fastq/SRR753/002/SRR7536202/SRR7536202.fastq.gz	fasp.sra.ebi.ac.uk:/vol1/fastq/SRR753/002/SRR7536202/SRR7536202.fastq.gz
SAMN09689101	SRR7536203	SRX4403821	SAMN09689101	SRS3558273	PRJNA481718	SRP154323	PRJNA481711;PRJNA9506	SRA741754	GSM3290661_r2	GSM3290661	GSM3290661	GSE117298	SINGLE	cDNA	TRANSCRIPTOMIC	RNA-Seq		NextSeq 500	ILLUMINA	280915677	3720000	3702	Arabidopsis thaliana	Col_DPI_Highlight 8min_Local Leaf_rep1	NextSeq 500 sequencing; GSM3290661: Col_DPI_Highlight 8min_Local Leaf_rep1; Arabidopsis thaliana; RNA-Seq	Identification and characterization of a core set of ROS wave-associated transcripts involved in the systemic acquired acclimation response of Arabidopsis to excess light [DPI]	NextSeq 500 sequencing; GSM3290661: Col_DPI_Highlight 8min_Local Leaf_rep1; Arabidopsis thaliana; RNA-Seq	Col_DPI_Highlight 8min_Local Leaf_rep1	2f74786f383f01c814049ee571b8361d	167266422	ftp.sra.ebi.ac.uk/vol1/fastq/SRR753/003/SRR7536203/SRR7536203.fastq.gz	ftp.sra.ebi.ac.uk/vol1/fastq/SRR753/003/SRR7536203/SRR7536203.fastq.gz	fasp.sra.ebi.ac.uk:/vol1/fastq/SRR753/003/SRR7536203/SRR7536203.fastq.gz
SAMN09689101	SRR7536204	SRX4403821	SAMN09689101	SRS3558273	PRJNA481718	SRP154323	PRJNA481711;PRJNA9506	SRA741754	GSM3290661_r3	GSM3290661	GSM3290661	GSE117298	SINGLE	cDNA	TRANSCRIPTOMIC	RNA-Seq		NextSeq 500	ILLUMINA	282203585	3737118	3702	Arabidopsis thaliana	Col_DPI_Highlight 8min_Local Leaf_rep1	NextSeq 500 sequencing; GSM3290661: Col_DPI_Highlight 8min_Local Leaf_rep1; Arabidopsis thaliana; RNA-Seq	Identification and characterization of a core set of ROS wave-associated transcripts involved in the systemic acquired acclimation response of Arabidopsis to excess light [DPI]	NextSeq 500 sequencing; GSM3290661: Col_DPI_Highlight 8min_Local Leaf_rep1; Arabidopsis thaliana; RNA-Seq	Col_DPI_Highlight 8min_Local Leaf_rep1	18345b7f607851c6d60a42017637bd69	173076744	ftp.sra.ebi.ac.uk/vol1/fastq/SRR753/004/SRR7536204/SRR7536204.fastq.gz	ftp.sra.ebi.ac.uk/vol1/fastq/SRR753/004/SRR7536204/SRR7536204.fastq.gz	fasp.sra.ebi.ac.uk:/vol1/fastq/SRR753/004/SRR7536204/SRR7536204.fastq.gz
SAMN09689101	SRR7536205	SRX4403821	SAMN09689101	SRS3558273	PRJNA481718	SRP154323	PRJNA481711;PRJNA9506	SRA741754	GSM3290661_r4	GSM3290661	GSM3290661	GSE117298	SINGLE	cDNA	TRANSCRIPTOMIC	RNA-Seq		NextSeq 500	ILLUMINA	272506162	3608634	3702	Arabidopsis thaliana	Col_DPI_Highlight 8min_Local Leaf_rep1	NextSeq 500 sequencing; GSM3290661: Col_DPI_Highlight 8min_Local Leaf_rep1; Arabidopsis thaliana; RNA-Seq	Identification and characterization of a core set of ROS wave-associated transcripts involved in the systemic acquired acclimation response of Arabidopsis to excess light [DPI]	NextSeq 500 sequencing; GSM3290661: Col_DPI_Highlight 8min_Local Leaf_rep1; Arabidopsis thaliana; RNA-Seq	Col_DPI_Highlight 8min_Local Leaf_rep1	a641ff5c37a0f9e6dc4ee948b43cd399	168611392	ftp.sra.ebi.ac.uk/vol1/fastq/SRR753/005/SRR7536205/SRR7536205.fastq.gz	ftp.sra.ebi.ac.uk/vol1/fastq/SRR753/005/SRR7536205/SRR7536205.fastq.gz	fasp.sra.ebi.ac.uk:/vol1/fastq/SRR753/005/SRR7536205/SRR7536205.fastq.gz
SAMN09689100	SRR7536206	SRX4403822	SAMN09689100	SRS3558274	PRJNA481718	SRP154323	PRJNA481711;PRJNA9506	SRA741754	GSM3290662_r1	GSM3290662	GSM3290662	GSE117298	SINGLE	cDNA	TRANSCRIPTOMIC	RNA-Seq		NextSeq 500	ILLUMINA	369100027	4887873	3702	Arabidopsis thaliana	Col_DPI_Highlight 8min_Systemic Leaf_rep1	NextSeq 500 sequencing; GSM3290662: Col_DPI_Highlight 8min_Systemic Leaf_rep1; Arabidopsis thaliana; RNA-Seq	Identification and characterization of a core set of ROS wave-associated transcripts involved in the systemic acquired acclimation response of Arabidopsis to excess light [DPI]	NextSeq 500 sequencing; GSM3290662: Col_DPI_Highlight 8min_Systemic Leaf_rep1; Arabidopsis thaliana; RNA-Seq	Col_DPI_Highlight 8min_Systemic Leaf_rep1	3c513df11a461353cd8c9f0f7cf5ec1c	223732865	ftp.sra.ebi.ac.uk/vol1/fastq/SRR753/006/SRR7536206/SRR7536206.fastq.gz	ftp.sra.ebi.ac.uk/vol1/fastq/SRR753/006/SRR7536206/SRR7536206.fastq.gz	fasp.sra.ebi.ac.uk:/vol1/fastq/SRR753/006/SRR7536206/SRR7536206.fastq.gz
SAMN09689100	SRR7536207	SRX4403822	SAMN09689100	SRS3558274	PRJNA481718	SRP154323	PRJNA481711;PRJNA9506	SRA741754	GSM3290662_r2	GSM3290662	GSM3290662	GSE117298	SINGLE	cDNA	TRANSCRIPTOMIC	RNA-Seq		NextSeq 500	ILLUMINA	369519822	4893338	3702	Arabidopsis thaliana	Col_DPI_Highlight 8min_Systemic Leaf_rep1	NextSeq 500 sequencing; GSM3290662: Col_DPI_Highlight 8min_Systemic Leaf_rep1; Arabidopsis thaliana; RNA-Seq	Identification and characterization of a core set of ROS wave-associated transcripts involved in the systemic acquired acclimation response of Arabidopsis to excess light [DPI]	NextSeq 500 sequencing; GSM3290662: Col_DPI_Highlight 8min_Systemic Leaf_rep1; Arabidopsis thaliana; RNA-Seq	Col_DPI_Highlight 8min_Systemic Leaf_rep1	6b1dbf676e525fe67331f2ccc04c0d2e	220662649	ftp.sra.ebi.ac.uk/vol1/fastq/SRR753/007/SRR7536207/SRR7536207.fastq.gz	ftp.sra.ebi.ac.uk/vol1/fastq/SRR753/007/SRR7536207/SRR7536207.fastq.gz	fasp.sra.ebi.ac.uk:/vol1/fastq/SRR753/007/SRR7536207/SRR7536207.fastq.gz
SAMN09689100	SRR7536208	SRX4403822	SAMN09689100	SRS3558274	PRJNA481718	SRP154323	PRJNA481711;PRJNA9506	SRA741754	GSM3290662_r3	GSM3290662	GSM3290662	GSE117298	SINGLE	cDNA	TRANSCRIPTOMIC	RNA-Seq		NextSeq 500	ILLUMINA	370266857	4903211	3702	Arabidopsis thaliana	Col_DPI_Highlight 8min_Systemic Leaf_rep1	NextSeq 500 sequencing; GSM3290662: Col_DPI_Highlight 8min_Systemic Leaf_rep1; Arabidopsis thaliana; RNA-Seq	Identification and characterization of a core set of ROS wave-associated transcripts involved in the systemic acquired acclimation response of Arabidopsis to excess light [DPI]	NextSeq 500 sequencing; GSM3290662: Col_DPI_Highlight 8min_Systemic Leaf_rep1; Arabidopsis thaliana; RNA-Seq	Col_DPI_Highlight 8min_Systemic Leaf_rep1	7c3a6c5b70e84ed9d38cf685a0c565d2	227672589	ftp.sra.ebi.ac.uk/vol1/fastq/SRR753/008/SRR7536208/SRR7536208.fastq.gz	ftp.sra.ebi.ac.uk/vol1/fastq/SRR753/008/SRR7536208/SRR7536208.fastq.gz	fasp.sra.ebi.ac.uk:/vol1/fastq/SRR753/008/SRR7536208/SRR7536208.fastq.gz
SAMN09689100	SRR7536209	SRX4403822	SAMN09689100	SRS3558274	PRJNA481718	SRP154323	PRJNA481711;PRJNA9506	SRA741754	GSM3290662_r4	GSM3290662	GSM3290662	GSE117298	SINGLE	cDNA	TRANSCRIPTOMIC	RNA-Seq		NextSeq 500	ILLUMINA	357912381	4739618	3702	Arabidopsis thaliana	Col_DPI_Highlight 8min_Systemic Leaf_rep1	NextSeq 500 sequencing; GSM3290662: Col_DPI_Highlight 8min_Systemic Leaf_rep1; Arabidopsis thaliana; RNA-Seq	Identification and characterization of a core set of ROS wave-associated transcripts involved in the systemic acquired acclimation response of Arabidopsis to excess light [DPI]	NextSeq 500 sequencing; GSM3290662: Col_DPI_Highlight 8min_Systemic Leaf_rep1; Arabidopsis thaliana; RNA-Seq	Col_DPI_Highlight 8min_Systemic Leaf_rep1	8df5ad7131d2fe5350df8a9b6cf009cf	222106307	ftp.sra.ebi.ac.uk/vol1/fastq/SRR753/009/SRR7536209/SRR7536209.fastq.gz	ftp.sra.ebi.ac.uk/vol1/fastq/SRR753/009/SRR7536209/SRR7536209.fastq.gz	fasp.sra.ebi.ac.uk:/vol1/fastq/SRR753/009/SRR7536209/SRR7536209.fastq.gz
SAMN09689099	SRR7536210	SRX4403823	SAMN09689099	SRS3558276	PRJNA481718	SRP154323	PRJNA481711;PRJNA9506	SRA741754	GSM3290663_r1	GSM3290663	GSM3290663	GSE117298	SINGLE	cDNA	TRANSCRIPTOMIC	RNA-Seq		NextSeq 500	ILLUMINA	388834102	5149628	3702	Arabidopsis thaliana	Col_H2O_Control_Local Leaf_rep2	NextSeq 500 sequencing; GSM3290663: Col_H2O_Control_Local Leaf_rep2; Arabidopsis thaliana; RNA-Seq	Identification and characterization of a core set of ROS wave-associated transcripts involved in the systemic acquired acclimation response of Arabidopsis to excess light [DPI]	NextSeq 500 sequencing; GSM3290663: Col_H2O_Control_Local Leaf_rep2; Arabidopsis thaliana; RNA-Seq	Col_H2O_Control_Local Leaf_rep2	09f8f77eaa69beddadd4aa4c19107777	235291638	ftp.sra.ebi.ac.uk/vol1/fastq/SRR753/000/SRR7536210/SRR7536210.fastq.gz	ftp.sra.ebi.ac.uk/vol1/fastq/SRR753/000/SRR7536210/SRR7536210.fastq.gz	fasp.sra.ebi.ac.uk:/vol1/fastq/SRR753/000/SRR7536210/SRR7536210.fastq.gz
SAMN09689099	SRR7536211	SRX4403823	SAMN09689099	SRS3558276	PRJNA481718	SRP154323	PRJNA481711;PRJNA9506	SRA741754	GSM3290663_r2	GSM3290663	GSM3290663	GSE117298	SINGLE	cDNA	TRANSCRIPTOMIC	RNA-Seq		NextSeq 500	ILLUMINA	392142260	5193293	3702	Arabidopsis thaliana	Col_H2O_Control_Local Leaf_rep2	NextSeq 500 sequencing; GSM3290663: Col_H2O_Control_Local Leaf_rep2; Arabidopsis thaliana; RNA-Seq	Identification and characterization of a core set of ROS wave-associated transcripts involved in the systemic acquired acclimation response of Arabidopsis to excess light [DPI]	NextSeq 500 sequencing; GSM3290663: Col_H2O_Control_Local Leaf_rep2; Arabidopsis thaliana; RNA-Seq	Col_H2O_Control_Local Leaf_rep2	0a299dacf820f00129fab7e400c43b91	233598797	ftp.sra.ebi.ac.uk/vol1/fastq/SRR753/001/SRR7536211/SRR7536211.fastq.gz	ftp.sra.ebi.ac.uk/vol1/fastq/SRR753/001/SRR7536211/SRR7536211.fastq.gz	fasp.sra.ebi.ac.uk:/vol1/fastq/SRR753/001/SRR7536211/SRR7536211.fastq.gz
SAMN09689099	SRR7536212	SRX4403823	SAMN09689099	SRS3558276	PRJNA481718	SRP154323	PRJNA481711;PRJNA9506	SRA741754	GSM3290663_r3	GSM3290663	GSM3290663	GSE117298	SINGLE	cDNA	TRANSCRIPTOMIC	RNA-Seq		NextSeq 500	ILLUMINA	390147387	5166933	3702	Arabidopsis thaliana	Col_H2O_Control_Local Leaf_rep2	NextSeq 500 sequencing; GSM3290663: Col_H2O_Control_Local Leaf_rep2; Arabidopsis thaliana; RNA-Seq	Identification and characterization of a core set of ROS wave-associated transcripts involved in the systemic acquired acclimation response of Arabidopsis to excess light [DPI]	NextSeq 500 sequencing; GSM3290663: Col_H2O_Control_Local Leaf_rep2; Arabidopsis thaliana; RNA-Seq	Col_H2O_Control_Local Leaf_rep2	b60ecb6d97595c5aefbadb3e3c4729b3	239549940	ftp.sra.ebi.ac.uk/vol1/fastq/SRR753/002/SRR7536212/SRR7536212.fastq.gz	ftp.sra.ebi.ac.uk/vol1/fastq/SRR753/002/SRR7536212/SRR7536212.fastq.gz	fasp.sra.ebi.ac.uk:/vol1/fastq/SRR753/002/SRR7536212/SRR7536212.fastq.gz
SAMN09689099	SRR7536213	SRX4403823	SAMN09689099	SRS3558276	PRJNA481718	SRP154323	PRJNA481711;PRJNA9506	SRA741754	GSM3290663_r4	GSM3290663	GSM3290663	GSE117298	SINGLE	cDNA	TRANSCRIPTOMIC	RNA-Seq		NextSeq 500	ILLUMINA	376125955	4981263	3702	Arabidopsis thaliana	Col_H2O_Control_Local Leaf_rep2	NextSeq 500 sequencing; GSM3290663: Col_H2O_Control_Local Leaf_rep2; Arabidopsis thaliana; RNA-Seq	Identification and characterization of a core set of ROS wave-associated transcripts involved in the systemic acquired acclimation response of Arabidopsis to excess light [DPI]	NextSeq 500 sequencing; GSM3290663: Col_H2O_Control_Local Leaf_rep2; Arabidopsis thaliana; RNA-Seq	Col_H2O_Control_Local Leaf_rep2	5b988d424705705ebf05de0db0d2831d	233047664	ftp.sra.ebi.ac.uk/vol1/fastq/SRR753/003/SRR7536213/SRR7536213.fastq.gz	ftp.sra.ebi.ac.uk/vol1/fastq/SRR753/003/SRR7536213/SRR7536213.fastq.gz	fasp.sra.ebi.ac.uk:/vol1/fastq/SRR753/003/SRR7536213/SRR7536213.fastq.gz
SAMN09689092	SRR7536214	SRX4403824	SAMN09689092	SRS3558275	PRJNA481718	SRP154323	PRJNA481711;PRJNA9506	SRA741754	GSM3290664_r1	GSM3290664	GSM3290664	GSE117298	SINGLE	cDNA	TRANSCRIPTOMIC	RNA-Seq		NextSeq 500	ILLUMINA	333668209	4418813	3702	Arabidopsis thaliana	Col_H2O_Control_Systemic Leaf_rep2	NextSeq 500 sequencing; GSM3290664: Col_H2O_Control_Systemic Leaf_rep2; Arabidopsis thaliana; RNA-Seq	Identification and characterization of a core set of ROS wave-associated transcripts involved in the systemic acquired acclimation response of Arabidopsis to excess light [DPI]	NextSeq 500 sequencing; GSM3290664: Col_H2O_Control_Systemic Leaf_rep2; Arabidopsis thaliana; RNA-Seq	Col_H2O_Control_Systemic Leaf_rep2	5f5de13ff458da861435d5fa442681e4	201357800	ftp.sra.ebi.ac.uk/vol1/fastq/SRR753/004/SRR7536214/SRR7536214.fastq.gz	ftp.sra.ebi.ac.uk/vol1/fastq/SRR753/004/SRR7536214/SRR7536214.fastq.gz	fasp.sra.ebi.ac.uk:/vol1/fastq/SRR753/004/SRR7536214/SRR7536214.fastq.gz
SAMN09689092	SRR7536215	SRX4403824	SAMN09689092	SRS3558275	PRJNA481718	SRP154323	PRJNA481711;PRJNA9506	SRA741754	GSM3290664_r2	GSM3290664	GSM3290664	GSE117298	SINGLE	cDNA	TRANSCRIPTOMIC	RNA-Seq		NextSeq 500	ILLUMINA	338194354	4478645	3702	Arabidopsis thaliana	Col_H2O_Control_Systemic Leaf_rep2	NextSeq 500 sequencing; GSM3290664: Col_H2O_Control_Systemic Leaf_rep2; Arabidopsis thaliana; RNA-Seq	Identification and characterization of a core set of ROS wave-associated transcripts involved in the systemic acquired acclimation response of Arabidopsis to excess light [DPI]	NextSeq 500 sequencing; GSM3290664: Col_H2O_Control_Systemic Leaf_rep2; Arabidopsis thaliana; RNA-Seq	Col_H2O_Control_Systemic Leaf_rep2	695c8bbb90a04e2428c2ae843cc724e8	200925564	ftp.sra.ebi.ac.uk/vol1/fastq/SRR753/005/SRR7536215/SRR7536215.fastq.gz	ftp.sra.ebi.ac.uk/vol1/fastq/SRR753/005/SRR7536215/SRR7536215.fastq.gz	fasp.sra.ebi.ac.uk:/vol1/fastq/SRR753/005/SRR7536215/SRR7536215.fastq.gz
SAMN09689092	SRR7536216	SRX4403824	SAMN09689092	SRS3558275	PRJNA481718	SRP154323	PRJNA481711;PRJNA9506	SRA741754	GSM3290664_r3	GSM3290664	GSM3290664	GSE117298	SINGLE	cDNA	TRANSCRIPTOMIC	RNA-Seq		NextSeq 500	ILLUMINA	336082354	4450701	3702	Arabidopsis thaliana	Col_H2O_Control_Systemic Leaf_rep2	NextSeq 500 sequencing; GSM3290664: Col_H2O_Control_Systemic Leaf_rep2; Arabidopsis thaliana; RNA-Seq	Identification and characterization of a core set of ROS wave-associated transcripts involved in the systemic acquired acclimation response of Arabidopsis to excess light [DPI]	NextSeq 500 sequencing; GSM3290664: Col_H2O_Control_Systemic Leaf_rep2; Arabidopsis thaliana; RNA-Seq	Col_H2O_Control_Systemic Leaf_rep2	52ada42f64465c914903c5c2b570f349	205729934	ftp.sra.ebi.ac.uk/vol1/fastq/SRR753/006/SRR7536216/SRR7536216.fastq.gz	ftp.sra.ebi.ac.uk/vol1/fastq/SRR753/006/SRR7536216/SRR7536216.fastq.gz	fasp.sra.ebi.ac.uk:/vol1/fastq/SRR753/006/SRR7536216/SRR7536216.fastq.gz
SAMN09689092	SRR7536217	SRX4403824	SAMN09689092	SRS3558275	PRJNA481718	SRP154323	PRJNA481711;PRJNA9506	SRA741754	GSM3290664_r4	GSM3290664	GSM3290664	GSE117298	SINGLE	cDNA	TRANSCRIPTOMIC	RNA-Seq		NextSeq 500	ILLUMINA	324091375	4291833	3702	Arabidopsis thaliana	Col_H2O_Control_Systemic Leaf_rep2	NextSeq 500 sequencing; GSM3290664: Col_H2O_Control_Systemic Leaf_rep2; Arabidopsis thaliana; RNA-Seq	Identification and characterization of a core set of ROS wave-associated transcripts involved in the systemic acquired acclimation response of Arabidopsis to excess light [DPI]	NextSeq 500 sequencing; GSM3290664: Col_H2O_Control_Systemic Leaf_rep2; Arabidopsis thaliana; RNA-Seq	Col_H2O_Control_Systemic Leaf_rep2	a71f963a0777cb1a047d7f2cfa3a42cd	200240231	ftp.sra.ebi.ac.uk/vol1/fastq/SRR753/007/SRR7536217/SRR7536217.fastq.gz	ftp.sra.ebi.ac.uk/vol1/fastq/SRR753/007/SRR7536217/SRR7536217.fastq.gz	fasp.sra.ebi.ac.uk:/vol1/fastq/SRR753/007/SRR7536217/SRR7536217.fastq.gz
SAMN09689091	SRR7536218	SRX4403825	SAMN09689091	SRS3558277	PRJNA481718	SRP154323	PRJNA481711;PRJNA9506	SRA741754	GSM3290665_r1	GSM3290665	GSM3290665	GSE117298	SINGLE	cDNA	TRANSCRIPTOMIC	RNA-Seq		NextSeq 500	ILLUMINA	377915911	5004627	3702	Arabidopsis thaliana	Col_H2O_Highlight 8min_Local Leaf_rep2	NextSeq 500 sequencing; GSM3290665: Col_H2O_Highlight 8min_Local Leaf_rep2; Arabidopsis thaliana; RNA-Seq	Identification and characterization of a core set of ROS wave-associated transcripts involved in the systemic acquired acclimation response of Arabidopsis to excess light [DPI]	NextSeq 500 sequencing; GSM3290665: Col_H2O_Highlight 8min_Local Leaf_rep2; Arabidopsis thaliana; RNA-Seq	Col_H2O_Highlight 8min_Local Leaf_rep2	adced4149a5eb0eeb87ab723730b9939	228614889	ftp.sra.ebi.ac.uk/vol1/fastq/SRR753/008/SRR7536218/SRR7536218.fastq.gz	ftp.sra.ebi.ac.uk/vol1/fastq/SRR753/008/SRR7536218/SRR7536218.fastq.gz	fasp.sra.ebi.ac.uk:/vol1/fastq/SRR753/008/SRR7536218/SRR7536218.fastq.gz
SAMN09689091	SRR7536219	SRX4403825	SAMN09689091	SRS3558277	PRJNA481718	SRP154323	PRJNA481711;PRJNA9506	SRA741754	GSM3290665_r2	GSM3290665	GSM3290665	GSE117298	SINGLE	cDNA	TRANSCRIPTOMIC	RNA-Seq		NextSeq 500	ILLUMINA	379274656	5022551	3702	Arabidopsis thaliana	Col_H2O_Highlight 8min_Local Leaf_rep2	NextSeq 500 sequencing; GSM3290665: Col_H2O_Highlight 8min_Local Leaf_rep2; Arabidopsis thaliana; RNA-Seq	Identification and characterization of a core set of ROS wave-associated transcripts involved in the systemic acquired acclimation response of Arabidopsis to excess light [DPI]	NextSeq 500 sequencing; GSM3290665: Col_H2O_Highlight 8min_Local Leaf_rep2; Arabidopsis thaliana; RNA-Seq	Col_H2O_Highlight 8min_Local Leaf_rep2	23ae895b2bc83602713478aa1b0bf238	226002490	ftp.sra.ebi.ac.uk/vol1/fastq/SRR753/009/SRR7536219/SRR7536219.fastq.gz	ftp.sra.ebi.ac.uk/vol1/fastq/SRR753/009/SRR7536219/SRR7536219.fastq.gz	fasp.sra.ebi.ac.uk:/vol1/fastq/SRR753/009/SRR7536219/SRR7536219.fastq.gz
SAMN09689091	SRR7536220	SRX4403825	SAMN09689091	SRS3558277	PRJNA481718	SRP154323	PRJNA481711;PRJNA9506	SRA741754	GSM3290665_r3	GSM3290665	GSM3290665	GSE117298	SINGLE	cDNA	TRANSCRIPTOMIC	RNA-Seq		NextSeq 500	ILLUMINA	380352355	5036857	3702	Arabidopsis thaliana	Col_H2O_Highlight 8min_Local Leaf_rep2	NextSeq 500 sequencing; GSM3290665: Col_H2O_Highlight 8min_Local Leaf_rep2; Arabidopsis thaliana; RNA-Seq	Identification and characterization of a core set of ROS wave-associated transcripts involved in the systemic acquired acclimation response of Arabidopsis to excess light [DPI]	NextSeq 500 sequencing; GSM3290665: Col_H2O_Highlight 8min_Local Leaf_rep2; Arabidopsis thaliana; RNA-Seq	Col_H2O_Highlight 8min_Local Leaf_rep2	441ee006fc93de5bbeb0723bf1373cdc	233369529	ftp.sra.ebi.ac.uk/vol1/fastq/SRR753/000/SRR7536220/SRR7536220.fastq.gz	ftp.sra.ebi.ac.uk/vol1/fastq/SRR753/000/SRR7536220/SRR7536220.fastq.gz	fasp.sra.ebi.ac.uk:/vol1/fastq/SRR753/000/SRR7536220/SRR7536220.fastq.gz
SAMN09689091	SRR7536221	SRX4403825	SAMN09689091	SRS3558277	PRJNA481718	SRP154323	PRJNA481711;PRJNA9506	SRA741754	GSM3290665_r4	GSM3290665	GSM3290665	GSE117298	SINGLE	cDNA	TRANSCRIPTOMIC	RNA-Seq		NextSeq 500	ILLUMINA	366844326	4857937	3702	Arabidopsis thaliana	Col_H2O_Highlight 8min_Local Leaf_rep2	NextSeq 500 sequencing; GSM3290665: Col_H2O_Highlight 8min_Local Leaf_rep2; Arabidopsis thaliana; RNA-Seq	Identification and characterization of a core set of ROS wave-associated transcripts involved in the systemic acquired acclimation response of Arabidopsis to excess light [DPI]	NextSeq 500 sequencing; GSM3290665: Col_H2O_Highlight 8min_Local Leaf_rep2; Arabidopsis thaliana; RNA-Seq	Col_H2O_Highlight 8min_Local Leaf_rep2	25dae010a5ff83d0b05bbe7b46f126b9	227172996	ftp.sra.ebi.ac.uk/vol1/fastq/SRR753/001/SRR7536221/SRR7536221.fastq.gz	ftp.sra.ebi.ac.uk/vol1/fastq/SRR753/001/SRR7536221/SRR7536221.fastq.gz	fasp.sra.ebi.ac.uk:/vol1/fastq/SRR753/001/SRR7536221/SRR7536221.fastq.gz
SAMN09689090	SRR7536222	SRX4403826	SAMN09689090	SRS3558278	PRJNA481718	SRP154323	PRJNA481711;PRJNA9506	SRA741754	GSM3290666_r1	GSM3290666	GSM3290666	GSE117298	SINGLE	cDNA	TRANSCRIPTOMIC	RNA-Seq		NextSeq 500	ILLUMINA	349786156	4632076	3702	Arabidopsis thaliana	Col_H2O_Highlight 8min_Systemic Leaf_rep2	NextSeq 500 sequencing; GSM3290666: Col_H2O_Highlight 8min_Systemic Leaf_rep2; Arabidopsis thaliana; RNA-Seq	Identification and characterization of a core set of ROS wave-associated transcripts involved in the systemic acquired acclimation response of Arabidopsis to excess light [DPI]	NextSeq 500 sequencing; GSM3290666: Col_H2O_Highlight 8min_Systemic Leaf_rep2; Arabidopsis thaliana; RNA-Seq	Col_H2O_Highlight 8min_Systemic Leaf_rep2	7488fbfbbba4f7991fff1daced72fdd7	211285212	ftp.sra.ebi.ac.uk/vol1/fastq/SRR753/002/SRR7536222/SRR7536222.fastq.gz	ftp.sra.ebi.ac.uk/vol1/fastq/SRR753/002/SRR7536222/SRR7536222.fastq.gz	fasp.sra.ebi.ac.uk:/vol1/fastq/SRR753/002/SRR7536222/SRR7536222.fastq.gz
SAMN09689090	SRR7536223	SRX4403826	SAMN09689090	SRS3558278	PRJNA481718	SRP154323	PRJNA481711;PRJNA9506	SRA741754	GSM3290666_r2	GSM3290666	GSM3290666	GSE117298	SINGLE	cDNA	TRANSCRIPTOMIC	RNA-Seq		NextSeq 500	ILLUMINA	352620717	4669559	3702	Arabidopsis thaliana	Col_H2O_Highlight 8min_Systemic Leaf_rep2	NextSeq 500 sequencing; GSM3290666: Col_H2O_Highlight 8min_Systemic Leaf_rep2; Arabidopsis thaliana; RNA-Seq	Identification and characterization of a core set of ROS wave-associated transcripts involved in the systemic acquired acclimation response of Arabidopsis to excess light [DPI]	NextSeq 500 sequencing; GSM3290666: Col_H2O_Highlight 8min_Systemic Leaf_rep2; Arabidopsis thaliana; RNA-Seq	Col_H2O_Highlight 8min_Systemic Leaf_rep2	1645e3281e8d53cedd954fcf87bde7b0	209755379	ftp.sra.ebi.ac.uk/vol1/fastq/SRR753/003/SRR7536223/SRR7536223.fastq.gz	ftp.sra.ebi.ac.uk/vol1/fastq/SRR753/003/SRR7536223/SRR7536223.fastq.gz	fasp.sra.ebi.ac.uk:/vol1/fastq/SRR753/003/SRR7536223/SRR7536223.fastq.gz
SAMN09689090	SRR7536224	SRX4403826	SAMN09689090	SRS3558278	PRJNA481718	SRP154323	PRJNA481711;PRJNA9506	SRA741754	GSM3290666_r3	GSM3290666	GSM3290666	GSE117298	SINGLE	cDNA	TRANSCRIPTOMIC	RNA-Seq		NextSeq 500	ILLUMINA	351571777	4655723	3702	Arabidopsis thaliana	Col_H2O_Highlight 8min_Systemic Leaf_rep2	NextSeq 500 sequencing; GSM3290666: Col_H2O_Highlight 8min_Systemic Leaf_rep2; Arabidopsis thaliana; RNA-Seq	Identification and characterization of a core set of ROS wave-associated transcripts involved in the systemic acquired acclimation response of Arabidopsis to excess light [DPI]	NextSeq 500 sequencing; GSM3290666: Col_H2O_Highlight 8min_Systemic Leaf_rep2; Arabidopsis thaliana; RNA-Seq	Col_H2O_Highlight 8min_Systemic Leaf_rep2	bfb83fe1abb9b9ed71ec6f433712461b	215430518	ftp.sra.ebi.ac.uk/vol1/fastq/SRR753/004/SRR7536224/SRR7536224.fastq.gz	ftp.sra.ebi.ac.uk/vol1/fastq/SRR753/004/SRR7536224/SRR7536224.fastq.gz	fasp.sra.ebi.ac.uk:/vol1/fastq/SRR753/004/SRR7536224/SRR7536224.fastq.gz
SAMN09689090	SRR7536225	SRX4403826	SAMN09689090	SRS3558278	PRJNA481718	SRP154323	PRJNA481711;PRJNA9506	SRA741754	GSM3290666_r4	GSM3290666	GSM3290666	GSE117298	SINGLE	cDNA	TRANSCRIPTOMIC	RNA-Seq		NextSeq 500	ILLUMINA	338086785	4477032	3702	Arabidopsis thaliana	Col_H2O_Highlight 8min_Systemic Leaf_rep2	NextSeq 500 sequencing; GSM3290666: Col_H2O_Highlight 8min_Systemic Leaf_rep2; Arabidopsis thaliana; RNA-Seq	Identification and characterization of a core set of ROS wave-associated transcripts involved in the systemic acquired acclimation response of Arabidopsis to excess light [DPI]	NextSeq 500 sequencing; GSM3290666: Col_H2O_Highlight 8min_Systemic Leaf_rep2; Arabidopsis thaliana; RNA-Seq	Col_H2O_Highlight 8min_Systemic Leaf_rep2	9fffbf6fd3e1a4b3f522b27058862501	209105529	ftp.sra.ebi.ac.uk/vol1/fastq/SRR753/005/SRR7536225/SRR7536225.fastq.gz	ftp.sra.ebi.ac.uk/vol1/fastq/SRR753/005/SRR7536225/SRR7536225.fastq.gz	fasp.sra.ebi.ac.uk:/vol1/fastq/SRR753/005/SRR7536225/SRR7536225.fastq.gz
SAMN09689096	SRR7536226	SRX4403827	SAMN09689096	SRS3558280	PRJNA481718	SRP154323	PRJNA481711;PRJNA9506	SRA741754	GSM3290667_r1	GSM3290667	GSM3290667	GSE117298	SINGLE	cDNA	TRANSCRIPTOMIC	RNA-Seq		NextSeq 500	ILLUMINA	358447512	4746792	3702	Arabidopsis thaliana	Col_DPI_Control_Local Leaf_rep2	NextSeq 500 sequencing; GSM3290667: Col_DPI_Control_Local Leaf_rep2; Arabidopsis thaliana; RNA-Seq	Identification and characterization of a core set of ROS wave-associated transcripts involved in the systemic acquired acclimation response of Arabidopsis to excess light [DPI]	NextSeq 500 sequencing; GSM3290667: Col_DPI_Control_Local Leaf_rep2; Arabidopsis thaliana; RNA-Seq	Col_DPI_Control_Local Leaf_rep2	083bc58c7d75782b025a5f6e46a00709	217513753	ftp.sra.ebi.ac.uk/vol1/fastq/SRR753/006/SRR7536226/SRR7536226.fastq.gz	ftp.sra.ebi.ac.uk/vol1/fastq/SRR753/006/SRR7536226/SRR7536226.fastq.gz	fasp.sra.ebi.ac.uk:/vol1/fastq/SRR753/006/SRR7536226/SRR7536226.fastq.gz
SAMN09689096	SRR7536227	SRX4403827	SAMN09689096	SRS3558280	PRJNA481718	SRP154323	PRJNA481711;PRJNA9506	SRA741754	GSM3290667_r2	GSM3290667	GSM3290667	GSE117298	SINGLE	cDNA	TRANSCRIPTOMIC	RNA-Seq		NextSeq 500	ILLUMINA	363245231	4810277	3702	Arabidopsis thaliana	Col_DPI_Control_Local Leaf_rep2	NextSeq 500 sequencing; GSM3290667: Col_DPI_Control_Local Leaf_rep2; Arabidopsis thaliana; RNA-Seq	Identification and characterization of a core set of ROS wave-associated transcripts involved in the systemic acquired acclimation response of Arabidopsis to excess light [DPI]	NextSeq 500 sequencing; GSM3290667: Col_DPI_Control_Local Leaf_rep2; Arabidopsis thaliana; RNA-Seq	Col_DPI_Control_Local Leaf_rep2	bf00580d7849027f83d51bb3d24d9fb0	217023691	ftp.sra.ebi.ac.uk/vol1/fastq/SRR753/007/SRR7536227/SRR7536227.fastq.gz	ftp.sra.ebi.ac.uk/vol1/fastq/SRR753/007/SRR7536227/SRR7536227.fastq.gz	fasp.sra.ebi.ac.uk:/vol1/fastq/SRR753/007/SRR7536227/SRR7536227.fastq.gz
SAMN09689096	SRR7536228	SRX4403827	SAMN09689096	SRS3558280	PRJNA481718	SRP154323	PRJNA481711;PRJNA9506	SRA741754	GSM3290667_r3	GSM3290667	GSM3290667	GSE117298	SINGLE	cDNA	TRANSCRIPTOMIC	RNA-Seq		NextSeq 500	ILLUMINA	359886516	4765758	3702	Arabidopsis thaliana	Col_DPI_Control_Local Leaf_rep2	NextSeq 500 sequencing; GSM3290667: Col_DPI_Control_Local Leaf_rep2; Arabidopsis thaliana; RNA-Seq	Identification and characterization of a core set of ROS wave-associated transcripts involved in the systemic acquired acclimation response of Arabidopsis to excess light [DPI]	NextSeq 500 sequencing; GSM3290667: Col_DPI_Control_Local Leaf_rep2; Arabidopsis thaliana; RNA-Seq	Col_DPI_Control_Local Leaf_rep2	554ff9e5def6fd5b1e8839b42c688172	221527294	ftp.sra.ebi.ac.uk/vol1/fastq/SRR753/008/SRR7536228/SRR7536228.fastq.gz	ftp.sra.ebi.ac.uk/vol1/fastq/SRR753/008/SRR7536228/SRR7536228.fastq.gz	fasp.sra.ebi.ac.uk:/vol1/fastq/SRR753/008/SRR7536228/SRR7536228.fastq.gz
SAMN09689096	SRR7536229	SRX4403827	SAMN09689096	SRS3558280	PRJNA481718	SRP154323	PRJNA481711;PRJNA9506	SRA741754	GSM3290667_r4	GSM3290667	GSM3290667	GSE117298	SINGLE	cDNA	TRANSCRIPTOMIC	RNA-Seq		NextSeq 500	ILLUMINA	346565013	4589385	3702	Arabidopsis thaliana	Col_DPI_Control_Local Leaf_rep2	NextSeq 500 sequencing; GSM3290667: Col_DPI_Control_Local Leaf_rep2; Arabidopsis thaliana; RNA-Seq	Identification and characterization of a core set of ROS wave-associated transcripts involved in the systemic acquired acclimation response of Arabidopsis to excess light [DPI]	NextSeq 500 sequencing; GSM3290667: Col_DPI_Control_Local Leaf_rep2; Arabidopsis thaliana; RNA-Seq	Col_DPI_Control_Local Leaf_rep2	ddd57d019e7b07a06ce3b8c4528f9a95	215399381	ftp.sra.ebi.ac.uk/vol1/fastq/SRR753/009/SRR7536229/SRR7536229.fastq.gz	ftp.sra.ebi.ac.uk/vol1/fastq/SRR753/009/SRR7536229/SRR7536229.fastq.gz	fasp.sra.ebi.ac.uk:/vol1/fastq/SRR753/009/SRR7536229/SRR7536229.fastq.gz
SAMN09689095	SRR7536230	SRX4403828	SAMN09689095	SRS3558279	PRJNA481718	SRP154323	PRJNA481711;PRJNA9506	SRA741754	GSM3290668_r1	GSM3290668	GSM3290668	GSE117298	SINGLE	cDNA	TRANSCRIPTOMIC	RNA-Seq		NextSeq 500	ILLUMINA	440087573	5827988	3702	Arabidopsis thaliana	Col_DPI_Control_Systemic Leaf_rep2	NextSeq 500 sequencing; GSM3290668: Col_DPI_Control_Systemic Leaf_rep2; Arabidopsis thaliana; RNA-Seq	Identification and characterization of a core set of ROS wave-associated transcripts involved in the systemic acquired acclimation response of Arabidopsis to excess light [DPI]	NextSeq 500 sequencing; GSM3290668: Col_DPI_Control_Systemic Leaf_rep2; Arabidopsis thaliana; RNA-Seq	Col_DPI_Control_Systemic Leaf_rep2	3168dc2cbb17a28ca7968fe5faa8a710	264693530	ftp.sra.ebi.ac.uk/vol1/fastq/SRR753/000/SRR7536230/SRR7536230.fastq.gz	ftp.sra.ebi.ac.uk/vol1/fastq/SRR753/000/SRR7536230/SRR7536230.fastq.gz	fasp.sra.ebi.ac.uk:/vol1/fastq/SRR753/000/SRR7536230/SRR7536230.fastq.gz
SAMN09689095	SRR7536231	SRX4403828	SAMN09689095	SRS3558279	PRJNA481718	SRP154323	PRJNA481711;PRJNA9506	SRA741754	GSM3290668_r2	GSM3290668	GSM3290668	GSE117298	SINGLE	cDNA	TRANSCRIPTOMIC	RNA-Seq		NextSeq 500	ILLUMINA	444598948	5887616	3702	Arabidopsis thaliana	Col_DPI_Control_Systemic Leaf_rep2	NextSeq 500 sequencing; GSM3290668: Col_DPI_Control_Systemic Leaf_rep2; Arabidopsis thaliana; RNA-Seq	Identification and characterization of a core set of ROS wave-associated transcripts involved in the systemic acquired acclimation response of Arabidopsis to excess light [DPI]	NextSeq 500 sequencing; GSM3290668: Col_DPI_Control_Systemic Leaf_rep2; Arabidopsis thaliana; RNA-Seq	Col_DPI_Control_Systemic Leaf_rep2	bcabc156596eff9ced20ee2a4f61ea1b	263307336	ftp.sra.ebi.ac.uk/vol1/fastq/SRR753/001/SRR7536231/SRR7536231.fastq.gz	ftp.sra.ebi.ac.uk/vol1/fastq/SRR753/001/SRR7536231/SRR7536231.fastq.gz	fasp.sra.ebi.ac.uk:/vol1/fastq/SRR753/001/SRR7536231/SRR7536231.fastq.gz
SAMN09689095	SRR7536232	SRX4403828	SAMN09689095	SRS3558279	PRJNA481718	SRP154323	PRJNA481711;PRJNA9506	SRA741754	GSM3290668_r3	GSM3290668	GSM3290668	GSE117298	SINGLE	cDNA	TRANSCRIPTOMIC	RNA-Seq		NextSeq 500	ILLUMINA	443418386	5871970	3702	Arabidopsis thaliana	Col_DPI_Control_Systemic Leaf_rep2	NextSeq 500 sequencing; GSM3290668: Col_DPI_Control_Systemic Leaf_rep2; Arabidopsis thaliana; RNA-Seq	Identification and characterization of a core set of ROS wave-associated transcripts involved in the systemic acquired acclimation response of Arabidopsis to excess light [DPI]	NextSeq 500 sequencing; GSM3290668: Col_DPI_Control_Systemic Leaf_rep2; Arabidopsis thaliana; RNA-Seq	Col_DPI_Control_Systemic Leaf_rep2	fe23c72087a37f0879fdf81358d1186a	270512917	ftp.sra.ebi.ac.uk/vol1/fastq/SRR753/002/SRR7536232/SRR7536232.fastq.gz	ftp.sra.ebi.ac.uk/vol1/fastq/SRR753/002/SRR7536232/SRR7536232.fastq.gz	fasp.sra.ebi.ac.uk:/vol1/fastq/SRR753/002/SRR7536232/SRR7536232.fastq.gz
SAMN09689095	SRR7536233	SRX4403828	SAMN09689095	SRS3558279	PRJNA481718	SRP154323	PRJNA481711;PRJNA9506	SRA741754	GSM3290668_r4	GSM3290668	GSM3290668	GSE117298	SINGLE	cDNA	TRANSCRIPTOMIC	RNA-Seq		NextSeq 500	ILLUMINA	428467139	5673894	3702	Arabidopsis thaliana	Col_DPI_Control_Systemic Leaf_rep2	NextSeq 500 sequencing; GSM3290668: Col_DPI_Control_Systemic Leaf_rep2; Arabidopsis thaliana; RNA-Seq	Identification and characterization of a core set of ROS wave-associated transcripts involved in the systemic acquired acclimation response of Arabidopsis to excess light [DPI]	NextSeq 500 sequencing; GSM3290668: Col_DPI_Control_Systemic Leaf_rep2; Arabidopsis thaliana; RNA-Seq	Col_DPI_Control_Systemic Leaf_rep2	eaff0e043896580386b87bc269b0bd8d	263797561	ftp.sra.ebi.ac.uk/vol1/fastq/SRR753/003/SRR7536233/SRR7536233.fastq.gz	ftp.sra.ebi.ac.uk/vol1/fastq/SRR753/003/SRR7536233/SRR7536233.fastq.gz	fasp.sra.ebi.ac.uk:/vol1/fastq/SRR753/003/SRR7536233/SRR7536233.fastq.gz
SAMN09689094	SRR7536234	SRX4403829	SAMN09689094	SRS3558281	PRJNA481718	SRP154323	PRJNA481711;PRJNA9506	SRA741754	GSM3290669_r1	GSM3290669	GSM3290669	GSE117298	SINGLE	cDNA	TRANSCRIPTOMIC	RNA-Seq		NextSeq 500	ILLUMINA	366333866	4851126	3702	Arabidopsis thaliana	Col_DPI_Highlight 8min_Local Leaf_rep2	NextSeq 500 sequencing; GSM3290669: Col_DPI_Highlight 8min_Local Leaf_rep2; Arabidopsis thaliana; RNA-Seq	Identification and characterization of a core set of ROS wave-associated transcripts involved in the systemic acquired acclimation response of Arabidopsis to excess light [DPI]	NextSeq 500 sequencing; GSM3290669: Col_DPI_Highlight 8min_Local Leaf_rep2; Arabidopsis thaliana; RNA-Seq	Col_DPI_Highlight 8min_Local Leaf_rep2	46b4adf35bc9b4a6fceb481453fb3f2d	222085475	ftp.sra.ebi.ac.uk/vol1/fastq/SRR753/004/SRR7536234/SRR7536234.fastq.gz	ftp.sra.ebi.ac.uk/vol1/fastq/SRR753/004/SRR7536234/SRR7536234.fastq.gz	fasp.sra.ebi.ac.uk:/vol1/fastq/SRR753/004/SRR7536234/SRR7536234.fastq.gz
SAMN09689094	SRR7536235	SRX4403829	SAMN09689094	SRS3558281	PRJNA481718	SRP154323	PRJNA481711;PRJNA9506	SRA741754	GSM3290669_r2	GSM3290669	GSM3290669	GSE117298	SINGLE	cDNA	TRANSCRIPTOMIC	RNA-Seq		NextSeq 500	ILLUMINA	367233051	4862974	3702	Arabidopsis thaliana	Col_DPI_Highlight 8min_Local Leaf_rep2	NextSeq 500 sequencing; GSM3290669: Col_DPI_Highlight 8min_Local Leaf_rep2; Arabidopsis thaliana; RNA-Seq	Identification and characterization of a core set of ROS wave-associated transcripts involved in the systemic acquired acclimation response of Arabidopsis to excess light [DPI]	NextSeq 500 sequencing; GSM3290669: Col_DPI_Highlight 8min_Local Leaf_rep2; Arabidopsis thaliana; RNA-Seq	Col_DPI_Highlight 8min_Local Leaf_rep2	ca532a2e23aba1209493fd9de7eba8f4	219247983	ftp.sra.ebi.ac.uk/vol1/fastq/SRR753/005/SRR7536235/SRR7536235.fastq.gz	ftp.sra.ebi.ac.uk/vol1/fastq/SRR753/005/SRR7536235/SRR7536235.fastq.gz	fasp.sra.ebi.ac.uk:/vol1/fastq/SRR753/005/SRR7536235/SRR7536235.fastq.gz
SAMN09689094	SRR7536236	SRX4403829	SAMN09689094	SRS3558281	PRJNA481718	SRP154323	PRJNA481711;PRJNA9506	SRA741754	GSM3290669_r3	GSM3290669	GSM3290669	GSE117298	SINGLE	cDNA	TRANSCRIPTOMIC	RNA-Seq		NextSeq 500	ILLUMINA	367296509	4863806	3702	Arabidopsis thaliana	Col_DPI_Highlight 8min_Local Leaf_rep2	NextSeq 500 sequencing; GSM3290669: Col_DPI_Highlight 8min_Local Leaf_rep2; Arabidopsis thaliana; RNA-Seq	Identification and characterization of a core set of ROS wave-associated transcripts involved in the systemic acquired acclimation response of Arabidopsis to excess light [DPI]	NextSeq 500 sequencing; GSM3290669: Col_DPI_Highlight 8min_Local Leaf_rep2; Arabidopsis thaliana; RNA-Seq	Col_DPI_Highlight 8min_Local Leaf_rep2	2573989885958e0c6cd292c20d725ec8	225891667	ftp.sra.ebi.ac.uk/vol1/fastq/SRR753/006/SRR7536236/SRR7536236.fastq.gz	ftp.sra.ebi.ac.uk/vol1/fastq/SRR753/006/SRR7536236/SRR7536236.fastq.gz	fasp.sra.ebi.ac.uk:/vol1/fastq/SRR753/006/SRR7536236/SRR7536236.fastq.gz
SAMN09689094	SRR7536237	SRX4403829	SAMN09689094	SRS3558281	PRJNA481718	SRP154323	PRJNA481711;PRJNA9506	SRA741754	GSM3290669_r4	GSM3290669	GSM3290669	GSE117298	SINGLE	cDNA	TRANSCRIPTOMIC	RNA-Seq		NextSeq 500	ILLUMINA	355005441	4700977	3702	Arabidopsis thaliana	Col_DPI_Highlight 8min_Local Leaf_rep2	NextSeq 500 sequencing; GSM3290669: Col_DPI_Highlight 8min_Local Leaf_rep2; Arabidopsis thaliana; RNA-Seq	Identification and characterization of a core set of ROS wave-associated transcripts involved in the systemic acquired acclimation response of Arabidopsis to excess light [DPI]	NextSeq 500 sequencing; GSM3290669: Col_DPI_Highlight 8min_Local Leaf_rep2; Arabidopsis thaliana; RNA-Seq	Col_DPI_Highlight 8min_Local Leaf_rep2	dca4de90e678c8f55ad771ed4a2e97aa	220271653	ftp.sra.ebi.ac.uk/vol1/fastq/SRR753/007/SRR7536237/SRR7536237.fastq.gz	ftp.sra.ebi.ac.uk/vol1/fastq/SRR753/007/SRR7536237/SRR7536237.fastq.gz	fasp.sra.ebi.ac.uk:/vol1/fastq/SRR753/007/SRR7536237/SRR7536237.fastq.gz
SAMN09689093	SRR7536238	SRX4403830	SAMN09689093	SRS3558282	PRJNA481718	SRP154323	PRJNA481711;PRJNA9506	SRA741754	GSM3290670_r1	GSM3290670	GSM3290670	GSE117298	SINGLE	cDNA	TRANSCRIPTOMIC	RNA-Seq		NextSeq 500	ILLUMINA	339889333	4501012	3702	Arabidopsis thaliana	Col_DPI_Highlight 8min_Systemic Leaf_rep2	NextSeq 500 sequencing; GSM3290670: Col_DPI_Highlight 8min_Systemic Leaf_rep2; Arabidopsis thaliana; RNA-Seq	Identification and characterization of a core set of ROS wave-associated transcripts involved in the systemic acquired acclimation response of Arabidopsis to excess light [DPI]	NextSeq 500 sequencing; GSM3290670: Col_DPI_Highlight 8min_Systemic Leaf_rep2; Arabidopsis thaliana; RNA-Seq	Col_DPI_Highlight 8min_Systemic Leaf_rep2	243101bf66b6d46113bb6583a3407bab	205357504	ftp.sra.ebi.ac.uk/vol1/fastq/SRR753/008/SRR7536238/SRR7536238.fastq.gz	ftp.sra.ebi.ac.uk/vol1/fastq/SRR753/008/SRR7536238/SRR7536238.fastq.gz	fasp.sra.ebi.ac.uk:/vol1/fastq/SRR753/008/SRR7536238/SRR7536238.fastq.gz
SAMN09689093	SRR7536239	SRX4403830	SAMN09689093	SRS3558282	PRJNA481718	SRP154323	PRJNA481711;PRJNA9506	SRA741754	GSM3290670_r2	GSM3290670	GSM3290670	GSE117298	SINGLE	cDNA	TRANSCRIPTOMIC	RNA-Seq		NextSeq 500	ILLUMINA	346254387	4585239	3702	Arabidopsis thaliana	Col_DPI_Highlight 8min_Systemic Leaf_rep2	NextSeq 500 sequencing; GSM3290670: Col_DPI_Highlight 8min_Systemic Leaf_rep2; Arabidopsis thaliana; RNA-Seq	Identification and characterization of a core set of ROS wave-associated transcripts involved in the systemic acquired acclimation response of Arabidopsis to excess light [DPI]	NextSeq 500 sequencing; GSM3290670: Col_DPI_Highlight 8min_Systemic Leaf_rep2; Arabidopsis thaliana; RNA-Seq	Col_DPI_Highlight 8min_Systemic Leaf_rep2	2a4c8d2850eb1dd845c95ed2445bc9db	205975799	ftp.sra.ebi.ac.uk/vol1/fastq/SRR753/009/SRR7536239/SRR7536239.fastq.gz	ftp.sra.ebi.ac.uk/vol1/fastq/SRR753/009/SRR7536239/SRR7536239.fastq.gz	fasp.sra.ebi.ac.uk:/vol1/fastq/SRR753/009/SRR7536239/SRR7536239.fastq.gz
SAMN09689093	SRR7536240	SRX4403830	SAMN09689093	SRS3558282	PRJNA481718	SRP154323	PRJNA481711;PRJNA9506	SRA741754	GSM3290670_r3	GSM3290670	GSM3290670	GSE117298	SINGLE	cDNA	TRANSCRIPTOMIC	RNA-Seq		NextSeq 500	ILLUMINA	343009944	4542304	3702	Arabidopsis thaliana	Col_DPI_Highlight 8min_Systemic Leaf_rep2	NextSeq 500 sequencing; GSM3290670: Col_DPI_Highlight 8min_Systemic Leaf_rep2; Arabidopsis thaliana; RNA-Seq	Identification and characterization of a core set of ROS wave-associated transcripts involved in the systemic acquired acclimation response of Arabidopsis to excess light [DPI]	NextSeq 500 sequencing; GSM3290670: Col_DPI_Highlight 8min_Systemic Leaf_rep2; Arabidopsis thaliana; RNA-Seq	Col_DPI_Highlight 8min_Systemic Leaf_rep2	407804e4bf569bebb987d916e9837bf1	210172050	ftp.sra.ebi.ac.uk/vol1/fastq/SRR753/000/SRR7536240/SRR7536240.fastq.gz	ftp.sra.ebi.ac.uk/vol1/fastq/SRR753/000/SRR7536240/SRR7536240.fastq.gz	fasp.sra.ebi.ac.uk:/vol1/fastq/SRR753/000/SRR7536240/SRR7536240.fastq.gz
SAMN09689093	SRR7536241	SRX4403830	SAMN09689093	SRS3558282	PRJNA481718	SRP154323	PRJNA481711;PRJNA9506	SRA741754	GSM3290670_r4	GSM3290670	GSM3290670	GSE117298	SINGLE	cDNA	TRANSCRIPTOMIC	RNA-Seq		NextSeq 500	ILLUMINA	330809912	4380640	3702	Arabidopsis thaliana	Col_DPI_Highlight 8min_Systemic Leaf_rep2	NextSeq 500 sequencing; GSM3290670: Col_DPI_Highlight 8min_Systemic Leaf_rep2; Arabidopsis thaliana; RNA-Seq	Identification and characterization of a core set of ROS wave-associated transcripts involved in the systemic acquired acclimation response of Arabidopsis to excess light [DPI]	NextSeq 500 sequencing; GSM3290670: Col_DPI_Highlight 8min_Systemic Leaf_rep2; Arabidopsis thaliana; RNA-Seq	Col_DPI_Highlight 8min_Systemic Leaf_rep2	65cbe9c9d20255025fc4c4fc5c850543	204563550	ftp.sra.ebi.ac.uk/vol1/fastq/SRR753/001/SRR7536241/SRR7536241.fastq.gz	ftp.sra.ebi.ac.uk/vol1/fastq/SRR753/001/SRR7536241/SRR7536241.fastq.gz	fasp.sra.ebi.ac.uk:/vol1/fastq/SRR753/001/SRR7536241/SRR7536241.fastq.gz
SAMN09689089	SRR7536242	SRX4403831	SAMN09689089	SRS3558283	PRJNA481718	SRP154323	PRJNA481711;PRJNA9506	SRA741754	GSM3290671_r1	GSM3290671	GSM3290671	GSE117298	SINGLE	cDNA	TRANSCRIPTOMIC	RNA-Seq		NextSeq 500	ILLUMINA	459316395	6082632	3702	Arabidopsis thaliana	Col_H2O_Control_Local Leaf_rep3	NextSeq 500 sequencing; GSM3290671: Col_H2O_Control_Local Leaf_rep3; Arabidopsis thaliana; RNA-Seq	Identification and characterization of a core set of ROS wave-associated transcripts involved in the systemic acquired acclimation response of Arabidopsis to excess light [DPI]	NextSeq 500 sequencing; GSM3290671: Col_H2O_Control_Local Leaf_rep3; Arabidopsis thaliana; RNA-Seq	Col_H2O_Control_Local Leaf_rep3	90501b15bed6734906748bc7468db8a4	274195437	ftp.sra.ebi.ac.uk/vol1/fastq/SRR753/002/SRR7536242/SRR7536242.fastq.gz	ftp.sra.ebi.ac.uk/vol1/fastq/SRR753/002/SRR7536242/SRR7536242.fastq.gz	fasp.sra.ebi.ac.uk:/vol1/fastq/SRR753/002/SRR7536242/SRR7536242.fastq.gz
SAMN09689089	SRR7536243	SRX4403831	SAMN09689089	SRS3558283	PRJNA481718	SRP154323	PRJNA481711;PRJNA9506	SRA741754	GSM3290671_r2	GSM3290671	GSM3290671	GSE117298	SINGLE	cDNA	TRANSCRIPTOMIC	RNA-Seq		NextSeq 500	ILLUMINA	464835553	6155638	3702	Arabidopsis thaliana	Col_H2O_Control_Local Leaf_rep3	NextSeq 500 sequencing; GSM3290671: Col_H2O_Control_Local Leaf_rep3; Arabidopsis thaliana; RNA-Seq	Identification and characterization of a core set of ROS wave-associated transcripts involved in the systemic acquired acclimation response of Arabidopsis to excess light [DPI]	NextSeq 500 sequencing; GSM3290671: Col_H2O_Control_Local Leaf_rep3; Arabidopsis thaliana; RNA-Seq	Col_H2O_Control_Local Leaf_rep3	a40faf57a62e8f08655b17e2f4de7f13	273378724	ftp.sra.ebi.ac.uk/vol1/fastq/SRR753/003/SRR7536243/SRR7536243.fastq.gz	ftp.sra.ebi.ac.uk/vol1/fastq/SRR753/003/SRR7536243/SRR7536243.fastq.gz	fasp.sra.ebi.ac.uk:/vol1/fastq/SRR753/003/SRR7536243/SRR7536243.fastq.gz
SAMN09689089	SRR7536244	SRX4403831	SAMN09689089	SRS3558283	PRJNA481718	SRP154323	PRJNA481711;PRJNA9506	SRA741754	GSM3290671_r3	GSM3290671	GSM3290671	GSE117298	SINGLE	cDNA	TRANSCRIPTOMIC	RNA-Seq		NextSeq 500	ILLUMINA	464662076	6153314	3702	Arabidopsis thaliana	Col_H2O_Control_Local Leaf_rep3	NextSeq 500 sequencing; GSM3290671: Col_H2O_Control_Local Leaf_rep3; Arabidopsis thaliana; RNA-Seq	Identification and characterization of a core set of ROS wave-associated transcripts involved in the systemic acquired acclimation response of Arabidopsis to excess light [DPI]	NextSeq 500 sequencing; GSM3290671: Col_H2O_Control_Local Leaf_rep3; Arabidopsis thaliana; RNA-Seq	Col_H2O_Control_Local Leaf_rep3	bf9549827e6fbb78f0f9b83aa6588656	281544868	ftp.sra.ebi.ac.uk/vol1/fastq/SRR753/004/SRR7536244/SRR7536244.fastq.gz	ftp.sra.ebi.ac.uk/vol1/fastq/SRR753/004/SRR7536244/SRR7536244.fastq.gz	fasp.sra.ebi.ac.uk:/vol1/fastq/SRR753/004/SRR7536244/SRR7536244.fastq.gz
SAMN09689089	SRR7536245	SRX4403831	SAMN09689089	SRS3558283	PRJNA481718	SRP154323	PRJNA481711;PRJNA9506	SRA741754	GSM3290671_r4	GSM3290671	GSM3290671	GSE117298	SINGLE	cDNA	TRANSCRIPTOMIC	RNA-Seq		NextSeq 500	ILLUMINA	448230403	5935710	3702	Arabidopsis thaliana	Col_H2O_Control_Local Leaf_rep3	NextSeq 500 sequencing; GSM3290671: Col_H2O_Control_Local Leaf_rep3; Arabidopsis thaliana; RNA-Seq	Identification and characterization of a core set of ROS wave-associated transcripts involved in the systemic acquired acclimation response of Arabidopsis to excess light [DPI]	NextSeq 500 sequencing; GSM3290671: Col_H2O_Control_Local Leaf_rep3; Arabidopsis thaliana; RNA-Seq	Col_H2O_Control_Local Leaf_rep3	a3f510094592d127162c9fa8a0b61860	273910176	ftp.sra.ebi.ac.uk/vol1/fastq/SRR753/005/SRR7536245/SRR7536245.fastq.gz	ftp.sra.ebi.ac.uk/vol1/fastq/SRR753/005/SRR7536245/SRR7536245.fastq.gz	fasp.sra.ebi.ac.uk:/vol1/fastq/SRR753/005/SRR7536245/SRR7536245.fastq.gz
SAMN09689088	SRR7536246	SRX4403832	SAMN09689088	SRS3558285	PRJNA481718	SRP154323	PRJNA481711;PRJNA9506	SRA741754	GSM3290672_r1	GSM3290672	GSM3290672	GSE117298	SINGLE	cDNA	TRANSCRIPTOMIC	RNA-Seq		NextSeq 500	ILLUMINA	567325464	7512772	3702	Arabidopsis thaliana	Col_H2O_Control_Systemic Leaf_rep3	NextSeq 500 sequencing; GSM3290672: Col_H2O_Control_Systemic Leaf_rep3; Arabidopsis thaliana; RNA-Seq	Identification and characterization of a core set of ROS wave-associated transcripts involved in the systemic acquired acclimation response of Arabidopsis to excess light [DPI]	NextSeq 500 sequencing; GSM3290672: Col_H2O_Control_Systemic Leaf_rep3; Arabidopsis thaliana; RNA-Seq	Col_H2O_Control_Systemic Leaf_rep3	a5c20bf85383b5c3f8fdec6d459f46e7	340721404	ftp.sra.ebi.ac.uk/vol1/fastq/SRR753/006/SRR7536246/SRR7536246.fastq.gz	ftp.sra.ebi.ac.uk/vol1/fastq/SRR753/006/SRR7536246/SRR7536246.fastq.gz	fasp.sra.ebi.ac.uk:/vol1/fastq/SRR753/006/SRR7536246/SRR7536246.fastq.gz
SAMN09689088	SRR7536247	SRX4403832	SAMN09689088	SRS3558285	PRJNA481718	SRP154323	PRJNA481711;PRJNA9506	SRA741754	GSM3290672_r2	GSM3290672	GSM3290672	GSE117298	SINGLE	cDNA	TRANSCRIPTOMIC	RNA-Seq		NextSeq 500	ILLUMINA	566260529	7498578	3702	Arabidopsis thaliana	Col_H2O_Control_Systemic Leaf_rep3	NextSeq 500 sequencing; GSM3290672: Col_H2O_Control_Systemic Leaf_rep3; Arabidopsis thaliana; RNA-Seq	Identification and characterization of a core set of ROS wave-associated transcripts involved in the systemic acquired acclimation response of Arabidopsis to excess light [DPI]	NextSeq 500 sequencing; GSM3290672: Col_H2O_Control_Systemic Leaf_rep3; Arabidopsis thaliana; RNA-Seq	Col_H2O_Control_Systemic Leaf_rep3	6d580c3115b6c33be09a93b4f4527273	335086363	ftp.sra.ebi.ac.uk/vol1/fastq/SRR753/007/SRR7536247/SRR7536247.fastq.gz	ftp.sra.ebi.ac.uk/vol1/fastq/SRR753/007/SRR7536247/SRR7536247.fastq.gz	fasp.sra.ebi.ac.uk:/vol1/fastq/SRR753/007/SRR7536247/SRR7536247.fastq.gz
SAMN09689088	SRR7536248	SRX4403832	SAMN09689088	SRS3558285	PRJNA481718	SRP154323	PRJNA481711;PRJNA9506	SRA741754	GSM3290672_r3	GSM3290672	GSM3290672	GSE117298	SINGLE	cDNA	TRANSCRIPTOMIC	RNA-Seq		NextSeq 500	ILLUMINA	570877336	7559801	3702	Arabidopsis thaliana	Col_H2O_Control_Systemic Leaf_rep3	NextSeq 500 sequencing; GSM3290672: Col_H2O_Control_Systemic Leaf_rep3; Arabidopsis thaliana; RNA-Seq	Identification and characterization of a core set of ROS wave-associated transcripts involved in the systemic acquired acclimation response of Arabidopsis to excess light [DPI]	NextSeq 500 sequencing; GSM3290672: Col_H2O_Control_Systemic Leaf_rep3; Arabidopsis thaliana; RNA-Seq	Col_H2O_Control_Systemic Leaf_rep3	39c1487251053ba5de62e18c5aab8330	347835982	ftp.sra.ebi.ac.uk/vol1/fastq/SRR753/008/SRR7536248/SRR7536248.fastq.gz	ftp.sra.ebi.ac.uk/vol1/fastq/SRR753/008/SRR7536248/SRR7536248.fastq.gz	fasp.sra.ebi.ac.uk:/vol1/fastq/SRR753/008/SRR7536248/SRR7536248.fastq.gz
SAMN09689088	SRR7536249	SRX4403832	SAMN09689088	SRS3558285	PRJNA481718	SRP154323	PRJNA481711;PRJNA9506	SRA741754	GSM3290672_r4	GSM3290672	GSM3290672	GSE117298	SINGLE	cDNA	TRANSCRIPTOMIC	RNA-Seq		NextSeq 500	ILLUMINA	551708368	7305772	3702	Arabidopsis thaliana	Col_H2O_Control_Systemic Leaf_rep3	NextSeq 500 sequencing; GSM3290672: Col_H2O_Control_Systemic Leaf_rep3; Arabidopsis thaliana; RNA-Seq	Identification and characterization of a core set of ROS wave-associated transcripts involved in the systemic acquired acclimation response of Arabidopsis to excess light [DPI]	NextSeq 500 sequencing; GSM3290672: Col_H2O_Control_Systemic Leaf_rep3; Arabidopsis thaliana; RNA-Seq	Col_H2O_Control_Systemic Leaf_rep3	6fb4c2e49cd8bcf3af140014f85fea03	339056171	ftp.sra.ebi.ac.uk/vol1/fastq/SRR753/009/SRR7536249/SRR7536249.fastq.gz	ftp.sra.ebi.ac.uk/vol1/fastq/SRR753/009/SRR7536249/SRR7536249.fastq.gz	fasp.sra.ebi.ac.uk:/vol1/fastq/SRR753/009/SRR7536249/SRR7536249.fastq.gz
SAMN09689087	SRR7536250	SRX4403833	SAMN09689087	SRS3558286	PRJNA481718	SRP154323	PRJNA481711;PRJNA9506	SRA741754	GSM3290673_r1	GSM3290673	GSM3290673	GSE117298	SINGLE	cDNA	TRANSCRIPTOMIC	RNA-Seq		NextSeq 500	ILLUMINA	421265680	5578493	3702	Arabidopsis thaliana	Col_H2O_Highlight 8min_Local Leaf_rep3	NextSeq 500 sequencing; GSM3290673: Col_H2O_Highlight 8min_Local Leaf_rep3; Arabidopsis thaliana; RNA-Seq	Identification and characterization of a core set of ROS wave-associated transcripts involved in the systemic acquired acclimation response of Arabidopsis to excess light [DPI]	NextSeq 500 sequencing; GSM3290673: Col_H2O_Highlight 8min_Local Leaf_rep3; Arabidopsis thaliana; RNA-Seq	Col_H2O_Highlight 8min_Local Leaf_rep3	b161a49e5cd766322508b76bf9fc080f	254064323	ftp.sra.ebi.ac.uk/vol1/fastq/SRR753/000/SRR7536250/SRR7536250.fastq.gz	ftp.sra.ebi.ac.uk/vol1/fastq/SRR753/000/SRR7536250/SRR7536250.fastq.gz	fasp.sra.ebi.ac.uk:/vol1/fastq/SRR753/000/SRR7536250/SRR7536250.fastq.gz
SAMN09689087	SRR7536251	SRX4403833	SAMN09689087	SRS3558286	PRJNA481718	SRP154323	PRJNA481711;PRJNA9506	SRA741754	GSM3290673_r2	GSM3290673	GSM3290673	GSE117298	SINGLE	cDNA	TRANSCRIPTOMIC	RNA-Seq		NextSeq 500	ILLUMINA	420297779	5565641	3702	Arabidopsis thaliana	Col_H2O_Highlight 8min_Local Leaf_rep3	NextSeq 500 sequencing; GSM3290673: Col_H2O_Highlight 8min_Local Leaf_rep3; Arabidopsis thaliana; RNA-Seq	Identification and characterization of a core set of ROS wave-associated transcripts involved in the systemic acquired acclimation response of Arabidopsis to excess light [DPI]	NextSeq 500 sequencing; GSM3290673: Col_H2O_Highlight 8min_Local Leaf_rep3; Arabidopsis thaliana; RNA-Seq	Col_H2O_Highlight 8min_Local Leaf_rep3	c6ece8add1c33258a5ed17087d5c14e7	249763872	ftp.sra.ebi.ac.uk/vol1/fastq/SRR753/001/SRR7536251/SRR7536251.fastq.gz	ftp.sra.ebi.ac.uk/vol1/fastq/SRR753/001/SRR7536251/SRR7536251.fastq.gz	fasp.sra.ebi.ac.uk:/vol1/fastq/SRR753/001/SRR7536251/SRR7536251.fastq.gz
SAMN09689087	SRR7536252	SRX4403833	SAMN09689087	SRS3558286	PRJNA481718	SRP154323	PRJNA481711;PRJNA9506	SRA741754	GSM3290673_r3	GSM3290673	GSM3290673	GSE117298	SINGLE	cDNA	TRANSCRIPTOMIC	RNA-Seq		NextSeq 500	ILLUMINA	424026860	5614997	3702	Arabidopsis thaliana	Col_H2O_Highlight 8min_Local Leaf_rep3	NextSeq 500 sequencing; GSM3290673: Col_H2O_Highlight 8min_Local Leaf_rep3; Arabidopsis thaliana; RNA-Seq	Identification and characterization of a core set of ROS wave-associated transcripts involved in the systemic acquired acclimation response of Arabidopsis to excess light [DPI]	NextSeq 500 sequencing; GSM3290673: Col_H2O_Highlight 8min_Local Leaf_rep3; Arabidopsis thaliana; RNA-Seq	Col_H2O_Highlight 8min_Local Leaf_rep3	49387669bd4d0244eb1433ee5b319291	259420184	ftp.sra.ebi.ac.uk/vol1/fastq/SRR753/002/SRR7536252/SRR7536252.fastq.gz	ftp.sra.ebi.ac.uk/vol1/fastq/SRR753/002/SRR7536252/SRR7536252.fastq.gz	fasp.sra.ebi.ac.uk:/vol1/fastq/SRR753/002/SRR7536252/SRR7536252.fastq.gz
SAMN09689087	SRR7536253	SRX4403833	SAMN09689087	SRS3558286	PRJNA481718	SRP154323	PRJNA481711;PRJNA9506	SRA741754	GSM3290673_r4	GSM3290673	GSM3290673	GSE117298	SINGLE	cDNA	TRANSCRIPTOMIC	RNA-Seq		NextSeq 500	ILLUMINA	409416248	5421497	3702	Arabidopsis thaliana	Col_H2O_Highlight 8min_Local Leaf_rep3	NextSeq 500 sequencing; GSM3290673: Col_H2O_Highlight 8min_Local Leaf_rep3; Arabidopsis thaliana; RNA-Seq	Identification and characterization of a core set of ROS wave-associated transcripts involved in the systemic acquired acclimation response of Arabidopsis to excess light [DPI]	NextSeq 500 sequencing; GSM3290673: Col_H2O_Highlight 8min_Local Leaf_rep3; Arabidopsis thaliana; RNA-Seq	Col_H2O_Highlight 8min_Local Leaf_rep3	b6eeb73bb8f983ea5d0de5d35901003c	252651883	ftp.sra.ebi.ac.uk/vol1/fastq/SRR753/003/SRR7536253/SRR7536253.fastq.gz	ftp.sra.ebi.ac.uk/vol1/fastq/SRR753/003/SRR7536253/SRR7536253.fastq.gz	fasp.sra.ebi.ac.uk:/vol1/fastq/SRR753/003/SRR7536253/SRR7536253.fastq.gz
SAMN09689086	SRR7536254	SRX4403834	SAMN09689086	SRS3558284	PRJNA481718	SRP154323	PRJNA481711;PRJNA9506	SRA741754	GSM3290674_r1	GSM3290674	GSM3290674	GSE117298	SINGLE	cDNA	TRANSCRIPTOMIC	RNA-Seq		NextSeq 500	ILLUMINA	372311905	4930226	3702	Arabidopsis thaliana	Col_H2O_Highlight 8min_Systemic Leaf_rep3	NextSeq 500 sequencing; GSM3290674: Col_H2O_Highlight 8min_Systemic Leaf_rep3; Arabidopsis thaliana; RNA-Seq	Identification and characterization of a core set of ROS wave-associated transcripts involved in the systemic acquired acclimation response of Arabidopsis to excess light [DPI]	NextSeq 500 sequencing; GSM3290674: Col_H2O_Highlight 8min_Systemic Leaf_rep3; Arabidopsis thaliana; RNA-Seq	Col_H2O_Highlight 8min_Systemic Leaf_rep3	eaff7537bc0b7dfdcfab0705582712e7	225086374	ftp.sra.ebi.ac.uk/vol1/fastq/SRR753/004/SRR7536254/SRR7536254.fastq.gz	ftp.sra.ebi.ac.uk/vol1/fastq/SRR753/004/SRR7536254/SRR7536254.fastq.gz	fasp.sra.ebi.ac.uk:/vol1/fastq/SRR753/004/SRR7536254/SRR7536254.fastq.gz
SAMN09689086	SRR7536255	SRX4403834	SAMN09689086	SRS3558284	PRJNA481718	SRP154323	PRJNA481711;PRJNA9506	SRA741754	GSM3290674_r2	GSM3290674	GSM3290674	GSE117298	SINGLE	cDNA	TRANSCRIPTOMIC	RNA-Seq		NextSeq 500	ILLUMINA	372500651	4932702	3702	Arabidopsis thaliana	Col_H2O_Highlight 8min_Systemic Leaf_rep3	NextSeq 500 sequencing; GSM3290674: Col_H2O_Highlight 8min_Systemic Leaf_rep3; Arabidopsis thaliana; RNA-Seq	Identification and characterization of a core set of ROS wave-associated transcripts involved in the systemic acquired acclimation response of Arabidopsis to excess light [DPI]	NextSeq 500 sequencing; GSM3290674: Col_H2O_Highlight 8min_Systemic Leaf_rep3; Arabidopsis thaliana; RNA-Seq	Col_H2O_Highlight 8min_Systemic Leaf_rep3	dc87fdd2a85c23f38212ae639b907949	221839872	ftp.sra.ebi.ac.uk/vol1/fastq/SRR753/005/SRR7536255/SRR7536255.fastq.gz	ftp.sra.ebi.ac.uk/vol1/fastq/SRR753/005/SRR7536255/SRR7536255.fastq.gz	fasp.sra.ebi.ac.uk:/vol1/fastq/SRR753/005/SRR7536255/SRR7536255.fastq.gz
SAMN09689086	SRR7536256	SRX4403834	SAMN09689086	SRS3558284	PRJNA481718	SRP154323	PRJNA481711;PRJNA9506	SRA741754	GSM3290674_r3	GSM3290674	GSM3290674	GSE117298	SINGLE	cDNA	TRANSCRIPTOMIC	RNA-Seq		NextSeq 500	ILLUMINA	373822324	4950230	3702	Arabidopsis thaliana	Col_H2O_Highlight 8min_Systemic Leaf_rep3	NextSeq 500 sequencing; GSM3290674: Col_H2O_Highlight 8min_Systemic Leaf_rep3; Arabidopsis thaliana; RNA-Seq	Identification and characterization of a core set of ROS wave-associated transcripts involved in the systemic acquired acclimation response of Arabidopsis to excess light [DPI]	NextSeq 500 sequencing; GSM3290674: Col_H2O_Highlight 8min_Systemic Leaf_rep3; Arabidopsis thaliana; RNA-Seq	Col_H2O_Highlight 8min_Systemic Leaf_rep3	34010e4b9922ae5d8a3c7665de1f7792	229246083	ftp.sra.ebi.ac.uk/vol1/fastq/SRR753/006/SRR7536256/SRR7536256.fastq.gz	ftp.sra.ebi.ac.uk/vol1/fastq/SRR753/006/SRR7536256/SRR7536256.fastq.gz	fasp.sra.ebi.ac.uk:/vol1/fastq/SRR753/006/SRR7536256/SRR7536256.fastq.gz
SAMN09689086	SRR7536257	SRX4403834	SAMN09689086	SRS3558284	PRJNA481718	SRP154323	PRJNA481711;PRJNA9506	SRA741754	GSM3290674_r4	GSM3290674	GSM3290674	GSE117298	SINGLE	cDNA	TRANSCRIPTOMIC	RNA-Seq		NextSeq 500	ILLUMINA	360416279	4772623	3702	Arabidopsis thaliana	Col_H2O_Highlight 8min_Systemic Leaf_rep3	NextSeq 500 sequencing; GSM3290674: Col_H2O_Highlight 8min_Systemic Leaf_rep3; Arabidopsis thaliana; RNA-Seq	Identification and characterization of a core set of ROS wave-associated transcripts involved in the systemic acquired acclimation response of Arabidopsis to excess light [DPI]	NextSeq 500 sequencing; GSM3290674: Col_H2O_Highlight 8min_Systemic Leaf_rep3; Arabidopsis thaliana; RNA-Seq	Col_H2O_Highlight 8min_Systemic Leaf_rep3	bed23899552ff3c6b7927012210fddb7	222957837	ftp.sra.ebi.ac.uk/vol1/fastq/SRR753/007/SRR7536257/SRR7536257.fastq.gz	ftp.sra.ebi.ac.uk/vol1/fastq/SRR753/007/SRR7536257/SRR7536257.fastq.gz	fasp.sra.ebi.ac.uk:/vol1/fastq/SRR753/007/SRR7536257/SRR7536257.fastq.gz
SAMN09689085	SRR7536258	SRX4403835	SAMN09689085	SRS3558287	PRJNA481718	SRP154323	PRJNA481711;PRJNA9506	SRA741754	GSM3290675_r1	GSM3290675	GSM3290675	GSE117298	SINGLE	cDNA	TRANSCRIPTOMIC	RNA-Seq		NextSeq 500	ILLUMINA	366653675	4855114	3702	Arabidopsis thaliana	Col_DPI_Control_Local Leaf_rep3	NextSeq 500 sequencing; GSM3290675: Col_DPI_Control_Local Leaf_rep3; Arabidopsis thaliana; RNA-Seq	Identification and characterization of a core set of ROS wave-associated transcripts involved in the systemic acquired acclimation response of Arabidopsis to excess light [DPI]	NextSeq 500 sequencing; GSM3290675: Col_DPI_Control_Local Leaf_rep3; Arabidopsis thaliana; RNA-Seq	Col_DPI_Control_Local Leaf_rep3	6b295af4f9a6c8473eed839beac09f9d	222731928	ftp.sra.ebi.ac.uk/vol1/fastq/SRR753/008/SRR7536258/SRR7536258.fastq.gz	ftp.sra.ebi.ac.uk/vol1/fastq/SRR753/008/SRR7536258/SRR7536258.fastq.gz	fasp.sra.ebi.ac.uk:/vol1/fastq/SRR753/008/SRR7536258/SRR7536258.fastq.gz
SAMN09689085	SRR7536259	SRX4403835	SAMN09689085	SRS3558287	PRJNA481718	SRP154323	PRJNA481711;PRJNA9506	SRA741754	GSM3290675_r2	GSM3290675	GSM3290675	GSE117298	SINGLE	cDNA	TRANSCRIPTOMIC	RNA-Seq		NextSeq 500	ILLUMINA	369666452	4894992	3702	Arabidopsis thaliana	Col_DPI_Control_Local Leaf_rep3	NextSeq 500 sequencing; GSM3290675: Col_DPI_Control_Local Leaf_rep3; Arabidopsis thaliana; RNA-Seq	Identification and characterization of a core set of ROS wave-associated transcripts involved in the systemic acquired acclimation response of Arabidopsis to excess light [DPI]	NextSeq 500 sequencing; GSM3290675: Col_DPI_Control_Local Leaf_rep3; Arabidopsis thaliana; RNA-Seq	Col_DPI_Control_Local Leaf_rep3	313a61aff463cb525cf1eaf5f3906ce7	221148250	ftp.sra.ebi.ac.uk/vol1/fastq/SRR753/009/SRR7536259/SRR7536259.fastq.gz	ftp.sra.ebi.ac.uk/vol1/fastq/SRR753/009/SRR7536259/SRR7536259.fastq.gz	fasp.sra.ebi.ac.uk:/vol1/fastq/SRR753/009/SRR7536259/SRR7536259.fastq.gz
SAMN09689085	SRR7536260	SRX4403835	SAMN09689085	SRS3558287	PRJNA481718	SRP154323	PRJNA481711;PRJNA9506	SRA741754	GSM3290675_r3	GSM3290675	GSM3290675	GSE117298	SINGLE	cDNA	TRANSCRIPTOMIC	RNA-Seq		NextSeq 500	ILLUMINA	368065586	4873819	3702	Arabidopsis thaliana	Col_DPI_Control_Local Leaf_rep3	NextSeq 500 sequencing; GSM3290675: Col_DPI_Control_Local Leaf_rep3; Arabidopsis thaliana; RNA-Seq	Identification and characterization of a core set of ROS wave-associated transcripts involved in the systemic acquired acclimation response of Arabidopsis to excess light [DPI]	NextSeq 500 sequencing; GSM3290675: Col_DPI_Control_Local Leaf_rep3; Arabidopsis thaliana; RNA-Seq	Col_DPI_Control_Local Leaf_rep3	f6208e84072b900b2f0c1054ccb2535b	226781819	ftp.sra.ebi.ac.uk/vol1/fastq/SRR753/000/SRR7536260/SRR7536260.fastq.gz	ftp.sra.ebi.ac.uk/vol1/fastq/SRR753/000/SRR7536260/SRR7536260.fastq.gz	fasp.sra.ebi.ac.uk:/vol1/fastq/SRR753/000/SRR7536260/SRR7536260.fastq.gz
SAMN09689085	SRR7536261	SRX4403835	SAMN09689085	SRS3558287	PRJNA481718	SRP154323	PRJNA481711;PRJNA9506	SRA741754	GSM3290675_r4	GSM3290675	GSM3290675	GSE117298	SINGLE	cDNA	TRANSCRIPTOMIC	RNA-Seq		NextSeq 500	ILLUMINA	354851610	4698803	3702	Arabidopsis thaliana	Col_DPI_Control_Local Leaf_rep3	NextSeq 500 sequencing; GSM3290675: Col_DPI_Control_Local Leaf_rep3; Arabidopsis thaliana; RNA-Seq	Identification and characterization of a core set of ROS wave-associated transcripts involved in the systemic acquired acclimation response of Arabidopsis to excess light [DPI]	NextSeq 500 sequencing; GSM3290675: Col_DPI_Control_Local Leaf_rep3; Arabidopsis thaliana; RNA-Seq	Col_DPI_Control_Local Leaf_rep3	9adf22db17c269716aad9970bc7fcb12	220638794	ftp.sra.ebi.ac.uk/vol1/fastq/SRR753/001/SRR7536261/SRR7536261.fastq.gz	ftp.sra.ebi.ac.uk/vol1/fastq/SRR753/001/SRR7536261/SRR7536261.fastq.gz	fasp.sra.ebi.ac.uk:/vol1/fastq/SRR753/001/SRR7536261/SRR7536261.fastq.gz
SAMN09689084	SRR7536262	SRX4403836	SAMN09689084	SRS3558288	PRJNA481718	SRP154323	PRJNA481711;PRJNA9506	SRA741754	GSM3290676_r1	GSM3290676	GSM3290676	GSE117298	SINGLE	cDNA	TRANSCRIPTOMIC	RNA-Seq		NextSeq 500	ILLUMINA	425832826	5639092	3702	Arabidopsis thaliana	Col_DPI_Control_Systemic Leaf_rep3	NextSeq 500 sequencing; GSM3290676: Col_DPI_Control_Systemic Leaf_rep3; Arabidopsis thaliana; RNA-Seq	Identification and characterization of a core set of ROS wave-associated transcripts involved in the systemic acquired acclimation response of Arabidopsis to excess light [DPI]	NextSeq 500 sequencing; GSM3290676: Col_DPI_Control_Systemic Leaf_rep3; Arabidopsis thaliana; RNA-Seq	Col_DPI_Control_Systemic Leaf_rep3	0eb90156faddcc15cb68ec771b34388f	255898101	ftp.sra.ebi.ac.uk/vol1/fastq/SRR753/002/SRR7536262/SRR7536262.fastq.gz	ftp.sra.ebi.ac.uk/vol1/fastq/SRR753/002/SRR7536262/SRR7536262.fastq.gz	fasp.sra.ebi.ac.uk:/vol1/fastq/SRR753/002/SRR7536262/SRR7536262.fastq.gz
SAMN09689084	SRR7536263	SRX4403836	SAMN09689084	SRS3558288	PRJNA481718	SRP154323	PRJNA481711;PRJNA9506	SRA741754	GSM3290676_r2	GSM3290676	GSM3290676	GSE117298	SINGLE	cDNA	TRANSCRIPTOMIC	RNA-Seq		NextSeq 500	ILLUMINA	424597542	5622634	3702	Arabidopsis thaliana	Col_DPI_Control_Systemic Leaf_rep3	NextSeq 500 sequencing; GSM3290676: Col_DPI_Control_Systemic Leaf_rep3; Arabidopsis thaliana; RNA-Seq	Identification and characterization of a core set of ROS wave-associated transcripts involved in the systemic acquired acclimation response of Arabidopsis to excess light [DPI]	NextSeq 500 sequencing; GSM3290676: Col_DPI_Control_Systemic Leaf_rep3; Arabidopsis thaliana; RNA-Seq	Col_DPI_Control_Systemic Leaf_rep3	ef4edd58c062fc2835c987538f4af294	251355341	ftp.sra.ebi.ac.uk/vol1/fastq/SRR753/003/SRR7536263/SRR7536263.fastq.gz	ftp.sra.ebi.ac.uk/vol1/fastq/SRR753/003/SRR7536263/SRR7536263.fastq.gz	fasp.sra.ebi.ac.uk:/vol1/fastq/SRR753/003/SRR7536263/SRR7536263.fastq.gz
SAMN09689084	SRR7536264	SRX4403836	SAMN09689084	SRS3558288	PRJNA481718	SRP154323	PRJNA481711;PRJNA9506	SRA741754	GSM3290676_r3	GSM3290676	GSM3290676	GSE117298	SINGLE	cDNA	TRANSCRIPTOMIC	RNA-Seq		NextSeq 500	ILLUMINA	428605043	5675662	3702	Arabidopsis thaliana	Col_DPI_Control_Systemic Leaf_rep3	NextSeq 500 sequencing; GSM3290676: Col_DPI_Control_Systemic Leaf_rep3; Arabidopsis thaliana; RNA-Seq	Identification and characterization of a core set of ROS wave-associated transcripts involved in the systemic acquired acclimation response of Arabidopsis to excess light [DPI]	NextSeq 500 sequencing; GSM3290676: Col_DPI_Control_Systemic Leaf_rep3; Arabidopsis thaliana; RNA-Seq	Col_DPI_Control_Systemic Leaf_rep3	3a6253cdbd0c2be0bdd48d086330f739	261297867	ftp.sra.ebi.ac.uk/vol1/fastq/SRR753/004/SRR7536264/SRR7536264.fastq.gz	ftp.sra.ebi.ac.uk/vol1/fastq/SRR753/004/SRR7536264/SRR7536264.fastq.gz	fasp.sra.ebi.ac.uk:/vol1/fastq/SRR753/004/SRR7536264/SRR7536264.fastq.gz
SAMN09689084	SRR7536265	SRX4403836	SAMN09689084	SRS3558288	PRJNA481718	SRP154323	PRJNA481711;PRJNA9506	SRA741754	GSM3290676_r4	GSM3290676	GSM3290676	GSE117298	SINGLE	cDNA	TRANSCRIPTOMIC	RNA-Seq		NextSeq 500	ILLUMINA	414648176	5490852	3702	Arabidopsis thaliana	Col_DPI_Control_Systemic Leaf_rep3	NextSeq 500 sequencing; GSM3290676: Col_DPI_Control_Systemic Leaf_rep3; Arabidopsis thaliana; RNA-Seq	Identification and characterization of a core set of ROS wave-associated transcripts involved in the systemic acquired acclimation response of Arabidopsis to excess light [DPI]	NextSeq 500 sequencing; GSM3290676: Col_DPI_Control_Systemic Leaf_rep3; Arabidopsis thaliana; RNA-Seq	Col_DPI_Control_Systemic Leaf_rep3	1588fe2b7b9552aefd16e46ccca211ac	254904524	ftp.sra.ebi.ac.uk/vol1/fastq/SRR753/005/SRR7536265/SRR7536265.fastq.gz	ftp.sra.ebi.ac.uk/vol1/fastq/SRR753/005/SRR7536265/SRR7536265.fastq.gz	fasp.sra.ebi.ac.uk:/vol1/fastq/SRR753/005/SRR7536265/SRR7536265.fastq.gz
SAMN09689083	SRR7536266	SRX4403837	SAMN09689083	SRS3558305	PRJNA481718	SRP154323	PRJNA481711;PRJNA9506	SRA741754	GSM3290677_r1	GSM3290677	GSM3290677	GSE117298	SINGLE	cDNA	TRANSCRIPTOMIC	RNA-Seq		NextSeq 500	ILLUMINA	396426832	5249574	3702	Arabidopsis thaliana	Col_DPI_Highlight 8min_Local Leaf_rep3	NextSeq 500 sequencing; GSM3290677: Col_DPI_Highlight 8min_Local Leaf_rep3; Arabidopsis thaliana; RNA-Seq	Identification and characterization of a core set of ROS wave-associated transcripts involved in the systemic acquired acclimation response of Arabidopsis to excess light [DPI]	NextSeq 500 sequencing; GSM3290677: Col_DPI_Highlight 8min_Local Leaf_rep3; Arabidopsis thaliana; RNA-Seq	Col_DPI_Highlight 8min_Local Leaf_rep3	beba20476628689664dcb0688fe76843	239265564	ftp.sra.ebi.ac.uk/vol1/fastq/SRR753/006/SRR7536266/SRR7536266.fastq.gz	ftp.sra.ebi.ac.uk/vol1/fastq/SRR753/006/SRR7536266/SRR7536266.fastq.gz	fasp.sra.ebi.ac.uk:/vol1/fastq/SRR753/006/SRR7536266/SRR7536266.fastq.gz
SAMN09689083	SRR7536267	SRX4403837	SAMN09689083	SRS3558305	PRJNA481718	SRP154323	PRJNA481711;PRJNA9506	SRA741754	GSM3290677_r2	GSM3290677	GSM3290677	GSE117298	SINGLE	cDNA	TRANSCRIPTOMIC	RNA-Seq		NextSeq 500	ILLUMINA	396057803	5244680	3702	Arabidopsis thaliana	Col_DPI_Highlight 8min_Local Leaf_rep3	NextSeq 500 sequencing; GSM3290677: Col_DPI_Highlight 8min_Local Leaf_rep3; Arabidopsis thaliana; RNA-Seq	Identification and characterization of a core set of ROS wave-associated transcripts involved in the systemic acquired acclimation response of Arabidopsis to excess light [DPI]	NextSeq 500 sequencing; GSM3290677: Col_DPI_Highlight 8min_Local Leaf_rep3; Arabidopsis thaliana; RNA-Seq	Col_DPI_Highlight 8min_Local Leaf_rep3	3a4a31864345beae785c1ab2cfabc888	235443560	ftp.sra.ebi.ac.uk/vol1/fastq/SRR753/007/SRR7536267/SRR7536267.fastq.gz	ftp.sra.ebi.ac.uk/vol1/fastq/SRR753/007/SRR7536267/SRR7536267.fastq.gz	fasp.sra.ebi.ac.uk:/vol1/fastq/SRR753/007/SRR7536267/SRR7536267.fastq.gz
SAMN09689083	SRR7536268	SRX4403837	SAMN09689083	SRS3558305	PRJNA481718	SRP154323	PRJNA481711;PRJNA9506	SRA741754	GSM3290677_r3	GSM3290677	GSM3290677	GSE117298	SINGLE	cDNA	TRANSCRIPTOMIC	RNA-Seq		NextSeq 500	ILLUMINA	398962860	5283073	3702	Arabidopsis thaliana	Col_DPI_Highlight 8min_Local Leaf_rep3	NextSeq 500 sequencing; GSM3290677: Col_DPI_Highlight 8min_Local Leaf_rep3; Arabidopsis thaliana; RNA-Seq	Identification and characterization of a core set of ROS wave-associated transcripts involved in the systemic acquired acclimation response of Arabidopsis to excess light [DPI]	NextSeq 500 sequencing; GSM3290677: Col_DPI_Highlight 8min_Local Leaf_rep3; Arabidopsis thaliana; RNA-Seq	Col_DPI_Highlight 8min_Local Leaf_rep3	32cc90cc13249f71cbe6f1432b7bc704	244334161	ftp.sra.ebi.ac.uk/vol1/fastq/SRR753/008/SRR7536268/SRR7536268.fastq.gz	ftp.sra.ebi.ac.uk/vol1/fastq/SRR753/008/SRR7536268/SRR7536268.fastq.gz	fasp.sra.ebi.ac.uk:/vol1/fastq/SRR753/008/SRR7536268/SRR7536268.fastq.gz
SAMN09689083	SRR7536269	SRX4403837	SAMN09689083	SRS3558305	PRJNA481718	SRP154323	PRJNA481711;PRJNA9506	SRA741754	GSM3290677_r4	GSM3290677	GSM3290677	GSE117298	SINGLE	cDNA	TRANSCRIPTOMIC	RNA-Seq		NextSeq 500	ILLUMINA	385569791	5105745	3702	Arabidopsis thaliana	Col_DPI_Highlight 8min_Local Leaf_rep3	NextSeq 500 sequencing; GSM3290677: Col_DPI_Highlight 8min_Local Leaf_rep3; Arabidopsis thaliana; RNA-Seq	Identification and characterization of a core set of ROS wave-associated transcripts involved in the systemic acquired acclimation response of Arabidopsis to excess light [DPI]	NextSeq 500 sequencing; GSM3290677: Col_DPI_Highlight 8min_Local Leaf_rep3; Arabidopsis thaliana; RNA-Seq	Col_DPI_Highlight 8min_Local Leaf_rep3	4d3b91b34359684e64b903f303d6ca10	238029865	ftp.sra.ebi.ac.uk/vol1/fastq/SRR753/009/SRR7536269/SRR7536269.fastq.gz	ftp.sra.ebi.ac.uk/vol1/fastq/SRR753/009/SRR7536269/SRR7536269.fastq.gz	fasp.sra.ebi.ac.uk:/vol1/fastq/SRR753/009/SRR7536269/SRR7536269.fastq.gz
SAMN09689082	SRR7536270	SRX4403838	SAMN09689082	SRS3558290	PRJNA481718	SRP154323	PRJNA481711;PRJNA9506	SRA741754	GSM3290678_r1	GSM3290678	GSM3290678	GSE117298	SINGLE	cDNA	TRANSCRIPTOMIC	RNA-Seq		NextSeq 500	ILLUMINA	473224354	6266712	3702	Arabidopsis thaliana	Col_DPI_Highlight 8min_Systemic Leaf_rep3	NextSeq 500 sequencing; GSM3290678: Col_DPI_Highlight 8min_Systemic Leaf_rep3; Arabidopsis thaliana; RNA-Seq	Identification and characterization of a core set of ROS wave-associated transcripts involved in the systemic acquired acclimation response of Arabidopsis to excess light [DPI]	NextSeq 500 sequencing; GSM3290678: Col_DPI_Highlight 8min_Systemic Leaf_rep3; Arabidopsis thaliana; RNA-Seq	Col_DPI_Highlight 8min_Systemic Leaf_rep3	abb649b324e1571301b92a0d3d0d4acd	283947302	ftp.sra.ebi.ac.uk/vol1/fastq/SRR753/000/SRR7536270/SRR7536270.fastq.gz	ftp.sra.ebi.ac.uk/vol1/fastq/SRR753/000/SRR7536270/SRR7536270.fastq.gz	fasp.sra.ebi.ac.uk:/vol1/fastq/SRR753/000/SRR7536270/SRR7536270.fastq.gz
SAMN09689082	SRR7536271	SRX4403838	SAMN09689082	SRS3558290	PRJNA481718	SRP154323	PRJNA481711;PRJNA9506	SRA741754	GSM3290678_r2	GSM3290678	GSM3290678	GSE117298	SINGLE	cDNA	TRANSCRIPTOMIC	RNA-Seq		NextSeq 500	ILLUMINA	472405165	6255754	3702	Arabidopsis thaliana	Col_DPI_Highlight 8min_Systemic Leaf_rep3	NextSeq 500 sequencing; GSM3290678: Col_DPI_Highlight 8min_Systemic Leaf_rep3; Arabidopsis thaliana; RNA-Seq	Identification and characterization of a core set of ROS wave-associated transcripts involved in the systemic acquired acclimation response of Arabidopsis to excess light [DPI]	NextSeq 500 sequencing; GSM3290678: Col_DPI_Highlight 8min_Systemic Leaf_rep3; Arabidopsis thaliana; RNA-Seq	Col_DPI_Highlight 8min_Systemic Leaf_rep3	db462bce56ef6f94fac9f16cbab96ca4	279290864	ftp.sra.ebi.ac.uk/vol1/fastq/SRR753/001/SRR7536271/SRR7536271.fastq.gz	ftp.sra.ebi.ac.uk/vol1/fastq/SRR753/001/SRR7536271/SRR7536271.fastq.gz	fasp.sra.ebi.ac.uk:/vol1/fastq/SRR753/001/SRR7536271/SRR7536271.fastq.gz
SAMN09689082	SRR7536272	SRX4403838	SAMN09689082	SRS3558290	PRJNA481718	SRP154323	PRJNA481711;PRJNA9506	SRA741754	GSM3290678_r3	GSM3290678	GSM3290678	GSE117298	SINGLE	cDNA	TRANSCRIPTOMIC	RNA-Seq		NextSeq 500	ILLUMINA	476427649	6309061	3702	Arabidopsis thaliana	Col_DPI_Highlight 8min_Systemic Leaf_rep3	NextSeq 500 sequencing; GSM3290678: Col_DPI_Highlight 8min_Systemic Leaf_rep3; Arabidopsis thaliana; RNA-Seq	Identification and characterization of a core set of ROS wave-associated transcripts involved in the systemic acquired acclimation response of Arabidopsis to excess light [DPI]	NextSeq 500 sequencing; GSM3290678: Col_DPI_Highlight 8min_Systemic Leaf_rep3; Arabidopsis thaliana; RNA-Seq	Col_DPI_Highlight 8min_Systemic Leaf_rep3	f1775514e16100e0f003156519ceaf21	290047203	ftp.sra.ebi.ac.uk/vol1/fastq/SRR753/002/SRR7536272/SRR7536272.fastq.gz	ftp.sra.ebi.ac.uk/vol1/fastq/SRR753/002/SRR7536272/SRR7536272.fastq.gz	fasp.sra.ebi.ac.uk:/vol1/fastq/SRR753/002/SRR7536272/SRR7536272.fastq.gz
SAMN09689082	SRR7536273	SRX4403838	SAMN09689082	SRS3558290	PRJNA481718	SRP154323	PRJNA481711;PRJNA9506	SRA741754	GSM3290678_r4	GSM3290678	GSM3290678	GSE117298	SINGLE	cDNA	TRANSCRIPTOMIC	RNA-Seq		NextSeq 500	ILLUMINA	460819873	6102365	3702	Arabidopsis thaliana	Col_DPI_Highlight 8min_Systemic Leaf_rep3	NextSeq 500 sequencing; GSM3290678: Col_DPI_Highlight 8min_Systemic Leaf_rep3; Arabidopsis thaliana; RNA-Seq	Identification and characterization of a core set of ROS wave-associated transcripts involved in the systemic acquired acclimation response of Arabidopsis to excess light [DPI]	NextSeq 500 sequencing; GSM3290678: Col_DPI_Highlight 8min_Systemic Leaf_rep3; Arabidopsis thaliana; RNA-Seq	Col_DPI_Highlight 8min_Systemic Leaf_rep3	50172214231249ef25f01a393d2c330a	282946333	ftp.sra.ebi.ac.uk/vol1/fastq/SRR753/003/SRR7536273/SRR7536273.fastq.gz	ftp.sra.ebi.ac.uk/vol1/fastq/SRR753/003/SRR7536273/SRR7536273.fastq.gz	fasp.sra.ebi.ac.uk:/vol1/fastq/SRR753/003/SRR7536273/SRR7536273.fastq.gz
