SAMEA104469262	ERR2245559	ERX2297582	SAMEA104469262	ERS2087204	PRJEB24412	ERP106238		ERA1179977	UPSC-0117-R0001	UPSC-0117-E0001	UPSC-0117-S0001	UPSC-0117	PAIRED	RANDOM	TRANSCRIPTOMIC	RNA-Seq	Col0-9-days-16C-rep1	Illumina HiSeq 3000	ILLUMINA	15901529269	55363396	3702	Arabidopsis thaliana	Col0-9-days-16C-rep1	Illumina HiSeq 3000 paired end sequencing; PORCUPINE (PCP) regulates development in response to temperature variations through alternative splicing in Arabidopsis thaliana	PORCUPINE (PCP) regulates development in response to temperature variations through alternative splicing in Arabidopsis	Illumina HiSeq 3000 paired end sequencing; PORCUPINE (PCP) regulates development in response to temperature variations through alternative splicing in Arabidopsis thaliana	Col-0 biological replicate 1 collected after 9 days growth at 16 degrees C	4364a0d13ba950c2bff9a7b9556e9a97;a91e3d5cfa44028e9457e46dc592ea55	3386636279;3795914690	ftp.sra.ebi.ac.uk/vol1/fastq/ERR224/009/ERR2245559/ERR2245559_1.fastq.gz;ftp.sra.ebi.ac.uk/vol1/fastq/ERR224/009/ERR2245559/ERR2245559_2.fastq.gz	ftp.sra.ebi.ac.uk/vol1/fastq/ERR224/009/ERR2245559/ERR2245559_1.fastq.gz;ftp.sra.ebi.ac.uk/vol1/fastq/ERR224/009/ERR2245559/ERR2245559_2.fastq.gz	fasp.sra.ebi.ac.uk:/vol1/fastq/ERR224/009/ERR2245559/ERR2245559_1.fastq.gz;fasp.sra.ebi.ac.uk:/vol1/fastq/ERR224/009/ERR2245559/ERR2245559_2.fastq.gz
SAMEA104469263	ERR2245560	ERX2297583	SAMEA104469263	ERS2087205	PRJEB24412	ERP106238		ERA1179977	UPSC-0117-R0002	UPSC-0117-E0002	UPSC-0117-S0002	UPSC-0117	PAIRED	RANDOM	TRANSCRIPTOMIC	RNA-Seq	Col0-9-days-16C-rep2	Illumina HiSeq 3000	ILLUMINA	14042769529	49071763	3702	Arabidopsis thaliana	Col0-9-days-16C-rep2	Illumina HiSeq 3000 paired end sequencing; PORCUPINE (PCP) regulates development in response to temperature variations through alternative splicing in Arabidopsis thaliana	PORCUPINE (PCP) regulates development in response to temperature variations through alternative splicing in Arabidopsis	Illumina HiSeq 3000 paired end sequencing; PORCUPINE (PCP) regulates development in response to temperature variations through alternative splicing in Arabidopsis thaliana	Col-0 biological replicate 2 collected after 9 days growth at 16 degrees C	4fc3bb1ae13dd01961f4547db9a4e41d;d4afdb9d0d52ff9278c9be5404e31877	2954525220;3285051382	ftp.sra.ebi.ac.uk/vol1/fastq/ERR224/000/ERR2245560/ERR2245560_1.fastq.gz;ftp.sra.ebi.ac.uk/vol1/fastq/ERR224/000/ERR2245560/ERR2245560_2.fastq.gz	ftp.sra.ebi.ac.uk/vol1/fastq/ERR224/000/ERR2245560/ERR2245560_1.fastq.gz;ftp.sra.ebi.ac.uk/vol1/fastq/ERR224/000/ERR2245560/ERR2245560_2.fastq.gz	fasp.sra.ebi.ac.uk:/vol1/fastq/ERR224/000/ERR2245560/ERR2245560_1.fastq.gz;fasp.sra.ebi.ac.uk:/vol1/fastq/ERR224/000/ERR2245560/ERR2245560_2.fastq.gz
SAMEA104469264	ERR2245561	ERX2297584	SAMEA104469264	ERS2087206	PRJEB24412	ERP106238		ERA1179977	UPSC-0117-R0003	UPSC-0117-E0003	UPSC-0117-S0003	UPSC-0117	PAIRED	RANDOM	TRANSCRIPTOMIC	RNA-Seq	Col0-9-days-16C-rep3	Illumina HiSeq 3000	ILLUMINA	14841646814	51853894	3702	Arabidopsis thaliana	Col0-9-days-16C-rep3	Illumina HiSeq 3000 paired end sequencing; PORCUPINE (PCP) regulates development in response to temperature variations through alternative splicing in Arabidopsis thaliana	PORCUPINE (PCP) regulates development in response to temperature variations through alternative splicing in Arabidopsis	Illumina HiSeq 3000 paired end sequencing; PORCUPINE (PCP) regulates development in response to temperature variations through alternative splicing in Arabidopsis thaliana	Col-0 biological replicate 3 collected after 9 days growth at 16 degrees C	7059c1adff2caf6bf7e3673a9d355436;ee95fb53718aa54e86df6fc8946e42de	3232340073;3548458380	ftp.sra.ebi.ac.uk/vol1/fastq/ERR224/001/ERR2245561/ERR2245561_1.fastq.gz;ftp.sra.ebi.ac.uk/vol1/fastq/ERR224/001/ERR2245561/ERR2245561_2.fastq.gz	ftp.sra.ebi.ac.uk/vol1/fastq/ERR224/001/ERR2245561/ERR2245561_1.fastq.gz;ftp.sra.ebi.ac.uk/vol1/fastq/ERR224/001/ERR2245561/ERR2245561_2.fastq.gz	fasp.sra.ebi.ac.uk:/vol1/fastq/ERR224/001/ERR2245561/ERR2245561_1.fastq.gz;fasp.sra.ebi.ac.uk:/vol1/fastq/ERR224/001/ERR2245561/ERR2245561_2.fastq.gz
SAMEA104469265	ERR2245562	ERX2297585	SAMEA104469265	ERS2087207	PRJEB24412	ERP106238		ERA1179977	UPSC-0117-R0004	UPSC-0117-E0004	UPSC-0117-S0004	UPSC-0117	PAIRED	RANDOM	TRANSCRIPTOMIC	RNA-Seq	Col0-9-days-23C-rep1	Illumina HiSeq 3000	ILLUMINA	13379423140	46920425	3702	Arabidopsis thaliana	Col0-9-days-23C-rep1	Illumina HiSeq 3000 paired end sequencing; PORCUPINE (PCP) regulates development in response to temperature variations through alternative splicing in Arabidopsis thaliana	PORCUPINE (PCP) regulates development in response to temperature variations through alternative splicing in Arabidopsis	Illumina HiSeq 3000 paired end sequencing; PORCUPINE (PCP) regulates development in response to temperature variations through alternative splicing in Arabidopsis thaliana	Col-0 biological replicate 1 collected after 9 days growth at 23 degrees C	5b7cdd2feead6b14f5c7735e43023018;d0df4916f3adc37a08f7bfc6888228c9	3113648244;3386751162	ftp.sra.ebi.ac.uk/vol1/fastq/ERR224/002/ERR2245562/ERR2245562_1.fastq.gz;ftp.sra.ebi.ac.uk/vol1/fastq/ERR224/002/ERR2245562/ERR2245562_2.fastq.gz	ftp.sra.ebi.ac.uk/vol1/fastq/ERR224/002/ERR2245562/ERR2245562_1.fastq.gz;ftp.sra.ebi.ac.uk/vol1/fastq/ERR224/002/ERR2245562/ERR2245562_2.fastq.gz	fasp.sra.ebi.ac.uk:/vol1/fastq/ERR224/002/ERR2245562/ERR2245562_1.fastq.gz;fasp.sra.ebi.ac.uk:/vol1/fastq/ERR224/002/ERR2245562/ERR2245562_2.fastq.gz
SAMEA104469266	ERR2245563	ERX2297586	SAMEA104469266	ERS2087208	PRJEB24412	ERP106238		ERA1179977	UPSC-0117-R0005	UPSC-0117-E0005	UPSC-0117-S0005	UPSC-0117	PAIRED	RANDOM	TRANSCRIPTOMIC	RNA-Seq	Col0-9-days-23C-rep2	Illumina HiSeq 3000	ILLUMINA	12815529738	45107165	3702	Arabidopsis thaliana	Col0-9-days-23C-rep2	Illumina HiSeq 3000 paired end sequencing; PORCUPINE (PCP) regulates development in response to temperature variations through alternative splicing in Arabidopsis thaliana	PORCUPINE (PCP) regulates development in response to temperature variations through alternative splicing in Arabidopsis	Illumina HiSeq 3000 paired end sequencing; PORCUPINE (PCP) regulates development in response to temperature variations through alternative splicing in Arabidopsis thaliana	Col-0 biological replicate 2 collected after 9 days growth at 23 degrees C	0edd2bf45f9d870e10ca68badb1b48bd;4bbb5cb30948c39009afe9ee07777f38	2886980252;3206086841	ftp.sra.ebi.ac.uk/vol1/fastq/ERR224/003/ERR2245563/ERR2245563_1.fastq.gz;ftp.sra.ebi.ac.uk/vol1/fastq/ERR224/003/ERR2245563/ERR2245563_2.fastq.gz	ftp.sra.ebi.ac.uk/vol1/fastq/ERR224/003/ERR2245563/ERR2245563_1.fastq.gz;ftp.sra.ebi.ac.uk/vol1/fastq/ERR224/003/ERR2245563/ERR2245563_2.fastq.gz	fasp.sra.ebi.ac.uk:/vol1/fastq/ERR224/003/ERR2245563/ERR2245563_1.fastq.gz;fasp.sra.ebi.ac.uk:/vol1/fastq/ERR224/003/ERR2245563/ERR2245563_2.fastq.gz
SAMEA104469267	ERR2245564	ERX2297587	SAMEA104469267	ERS2087209	PRJEB24412	ERP106238		ERA1179977	UPSC-0117-R0006	UPSC-0117-E0006	UPSC-0117-S0006	UPSC-0117	PAIRED	RANDOM	TRANSCRIPTOMIC	RNA-Seq	Col0-9-days-23C-rep3	Illumina HiSeq 3000	ILLUMINA	12505754671	44413781	3702	Arabidopsis thaliana	Col0-9-days-23C-rep3	Illumina HiSeq 3000 paired end sequencing; PORCUPINE (PCP) regulates development in response to temperature variations through alternative splicing in Arabidopsis thaliana	PORCUPINE (PCP) regulates development in response to temperature variations through alternative splicing in Arabidopsis	Illumina HiSeq 3000 paired end sequencing; PORCUPINE (PCP) regulates development in response to temperature variations through alternative splicing in Arabidopsis thaliana	Col-0 biological replicate 3 collected after 9 days growth at 23 degrees C	90e1304a3fb12993b21edfc00f9c6134;11e1ae6c9444b2414381b5e5981c214d	2833982715;3066767907	ftp.sra.ebi.ac.uk/vol1/fastq/ERR224/004/ERR2245564/ERR2245564_1.fastq.gz;ftp.sra.ebi.ac.uk/vol1/fastq/ERR224/004/ERR2245564/ERR2245564_2.fastq.gz	ftp.sra.ebi.ac.uk/vol1/fastq/ERR224/004/ERR2245564/ERR2245564_1.fastq.gz;ftp.sra.ebi.ac.uk/vol1/fastq/ERR224/004/ERR2245564/ERR2245564_2.fastq.gz	fasp.sra.ebi.ac.uk:/vol1/fastq/ERR224/004/ERR2245564/ERR2245564_1.fastq.gz;fasp.sra.ebi.ac.uk:/vol1/fastq/ERR224/004/ERR2245564/ERR2245564_2.fastq.gz
SAMEA104469268	ERR2245565	ERX2297588	SAMEA104469268	ERS2087210	PRJEB24412	ERP106238		ERA1179977	UPSC-0117-R0007	UPSC-0117-E0007	UPSC-0117-S0007	UPSC-0117	PAIRED	RANDOM	TRANSCRIPTOMIC	RNA-Seq	col0-9-days-16C+3-days-23C-rep1	Illumina HiSeq 3000	ILLUMINA	12148633173	42340804	3702	Arabidopsis thaliana	col0-9-days-16C+3-days-23C-rep1	Illumina HiSeq 3000 paired end sequencing; PORCUPINE (PCP) regulates development in response to temperature variations through alternative splicing in Arabidopsis thaliana	PORCUPINE (PCP) regulates development in response to temperature variations through alternative splicing in Arabidopsis	Illumina HiSeq 3000 paired end sequencing; PORCUPINE (PCP) regulates development in response to temperature variations through alternative splicing in Arabidopsis thaliana	Col-0 biological replicate 1 collected after 9 days growth at 16 degrees C followed by 3 days growth at 23 degrees C	abc629d87eae2601da63b45498428227;d3efb5f54149d9c455cdf53f92b20a49	2772156055;3033057071	ftp.sra.ebi.ac.uk/vol1/fastq/ERR224/005/ERR2245565/ERR2245565_1.fastq.gz;ftp.sra.ebi.ac.uk/vol1/fastq/ERR224/005/ERR2245565/ERR2245565_2.fastq.gz	ftp.sra.ebi.ac.uk/vol1/fastq/ERR224/005/ERR2245565/ERR2245565_1.fastq.gz;ftp.sra.ebi.ac.uk/vol1/fastq/ERR224/005/ERR2245565/ERR2245565_2.fastq.gz	fasp.sra.ebi.ac.uk:/vol1/fastq/ERR224/005/ERR2245565/ERR2245565_1.fastq.gz;fasp.sra.ebi.ac.uk:/vol1/fastq/ERR224/005/ERR2245565/ERR2245565_2.fastq.gz
SAMEA104469269	ERR2245566	ERX2297589	SAMEA104469269	ERS2087211	PRJEB24412	ERP106238		ERA1179977	UPSC-0117-R0008	UPSC-0117-E0008	UPSC-0117-S0008	UPSC-0117	PAIRED	RANDOM	TRANSCRIPTOMIC	RNA-Seq	col0-9-days-16C+3-days-23C-rep2	Illumina HiSeq 3000	ILLUMINA	12783988390	44691756	3702	Arabidopsis thaliana	col0-9-days-16C+3-days-23C-rep2	Illumina HiSeq 3000 paired end sequencing; PORCUPINE (PCP) regulates development in response to temperature variations through alternative splicing in Arabidopsis thaliana	PORCUPINE (PCP) regulates development in response to temperature variations through alternative splicing in Arabidopsis	Illumina HiSeq 3000 paired end sequencing; PORCUPINE (PCP) regulates development in response to temperature variations through alternative splicing in Arabidopsis thaliana	Col-0 biological replicate 2 collected after 9 days growth at 16 degrees C followed by 3 days growth at 23 degrees C	28eaa5c0c901422635bb6d3b1a3cb80e;baccb48a9d8a62e919b64e922027d28d	2911762886;3211843392	ftp.sra.ebi.ac.uk/vol1/fastq/ERR224/006/ERR2245566/ERR2245566_1.fastq.gz;ftp.sra.ebi.ac.uk/vol1/fastq/ERR224/006/ERR2245566/ERR2245566_2.fastq.gz	ftp.sra.ebi.ac.uk/vol1/fastq/ERR224/006/ERR2245566/ERR2245566_1.fastq.gz;ftp.sra.ebi.ac.uk/vol1/fastq/ERR224/006/ERR2245566/ERR2245566_2.fastq.gz	fasp.sra.ebi.ac.uk:/vol1/fastq/ERR224/006/ERR2245566/ERR2245566_1.fastq.gz;fasp.sra.ebi.ac.uk:/vol1/fastq/ERR224/006/ERR2245566/ERR2245566_2.fastq.gz
SAMEA104469270	ERR2245567	ERX2297590	SAMEA104469270	ERS2087212	PRJEB24412	ERP106238		ERA1179977	UPSC-0117-R0009	UPSC-0117-E0009	UPSC-0117-S0009	UPSC-0117	PAIRED	RANDOM	TRANSCRIPTOMIC	RNA-Seq	col0-9-days-16C+3-days-23C-rep3	Illumina HiSeq 3000	ILLUMINA	13620025536	47929272	3702	Arabidopsis thaliana	col0-9-days-16C+3-days-23C-rep3	Illumina HiSeq 3000 paired end sequencing; PORCUPINE (PCP) regulates development in response to temperature variations through alternative splicing in Arabidopsis thaliana	PORCUPINE (PCP) regulates development in response to temperature variations through alternative splicing in Arabidopsis	Illumina HiSeq 3000 paired end sequencing; PORCUPINE (PCP) regulates development in response to temperature variations through alternative splicing in Arabidopsis thaliana	Col-0 biological replicate 3 collected after 9 days growth at 16 degrees C followed by 3 days growth at 23 degrees C	72bce0a659284f473af840bf67bbc2c1;63282420718556b166601acbba601823	3091251820;3421190987	ftp.sra.ebi.ac.uk/vol1/fastq/ERR224/007/ERR2245567/ERR2245567_1.fastq.gz;ftp.sra.ebi.ac.uk/vol1/fastq/ERR224/007/ERR2245567/ERR2245567_2.fastq.gz	ftp.sra.ebi.ac.uk/vol1/fastq/ERR224/007/ERR2245567/ERR2245567_1.fastq.gz;ftp.sra.ebi.ac.uk/vol1/fastq/ERR224/007/ERR2245567/ERR2245567_2.fastq.gz	fasp.sra.ebi.ac.uk:/vol1/fastq/ERR224/007/ERR2245567/ERR2245567_1.fastq.gz;fasp.sra.ebi.ac.uk:/vol1/fastq/ERR224/007/ERR2245567/ERR2245567_2.fastq.gz
SAMEA104469271	ERR2245568	ERX2297591	SAMEA104469271	ERS2087213	PRJEB24412	ERP106238		ERA1179977	UPSC-0117-R0010	UPSC-0117-E0010	UPSC-0117-S0010	UPSC-0117	PAIRED	RANDOM	TRANSCRIPTOMIC	RNA-Seq	col0-9-days-23C+3-days-16C-expA-rep1	Illumina HiSeq 2000	ILLUMINA	4673785100	23137550	3702	Arabidopsis thaliana	col0-9-days-23C+3-days-16C-expA-rep1	Illumina HiSeq 2000 paired end sequencing; PORCUPINE (PCP) regulates development in response to temperature variations through alternative splicing in Arabidopsis thaliana	PORCUPINE (PCP) regulates development in response to temperature variations through alternative splicing in Arabidopsis	Illumina HiSeq 2000 paired end sequencing; PORCUPINE (PCP) regulates development in response to temperature variations through alternative splicing in Arabidopsis thaliana	Col-0 biological replicate 1 collected after 9 days growth at 23 degrees C followed by 3 days growth at 16 degrees C (experiment A)	23d07927f1cb3fe2b2c8027c7183bd5e;702b900f3cea3feddf1d53dd1e2eb882	1884777660;1889090190	ftp.sra.ebi.ac.uk/vol1/fastq/ERR224/008/ERR2245568/ERR2245568_1.fastq.gz;ftp.sra.ebi.ac.uk/vol1/fastq/ERR224/008/ERR2245568/ERR2245568_2.fastq.gz	ftp.sra.ebi.ac.uk/vol1/fastq/ERR224/008/ERR2245568/ERR2245568_1.fastq.gz;ftp.sra.ebi.ac.uk/vol1/fastq/ERR224/008/ERR2245568/ERR2245568_2.fastq.gz	fasp.sra.ebi.ac.uk:/vol1/fastq/ERR224/008/ERR2245568/ERR2245568_1.fastq.gz;fasp.sra.ebi.ac.uk:/vol1/fastq/ERR224/008/ERR2245568/ERR2245568_2.fastq.gz
SAMEA104469272	ERR2245569	ERX2297592	SAMEA104469272	ERS2087214	PRJEB24412	ERP106238		ERA1179977	UPSC-0117-R0011	UPSC-0117-E0011	UPSC-0117-S0011	UPSC-0117	PAIRED	RANDOM	TRANSCRIPTOMIC	RNA-Seq	col0-9-days-23C+3-days-16C-expA-rep2	Illumina HiSeq 2000	ILLUMINA	4907156710	24292855	3702	Arabidopsis thaliana	col0-9-days-23C+3-days-16C-expA-rep2	Illumina HiSeq 2000 paired end sequencing; PORCUPINE (PCP) regulates development in response to temperature variations through alternative splicing in Arabidopsis thaliana	PORCUPINE (PCP) regulates development in response to temperature variations through alternative splicing in Arabidopsis	Illumina HiSeq 2000 paired end sequencing; PORCUPINE (PCP) regulates development in response to temperature variations through alternative splicing in Arabidopsis thaliana	Col-0 biological replicate 2 collected after 9 days growth at 23 degrees C followed by 3 days growth at 16 degrees C (experiment A)	9d60f11df8e6c49c276b295613679641;fdc6bff376ae16901bf932cbf0928b1c	1979092006;1982109450	ftp.sra.ebi.ac.uk/vol1/fastq/ERR224/009/ERR2245569/ERR2245569_1.fastq.gz;ftp.sra.ebi.ac.uk/vol1/fastq/ERR224/009/ERR2245569/ERR2245569_2.fastq.gz	ftp.sra.ebi.ac.uk/vol1/fastq/ERR224/009/ERR2245569/ERR2245569_1.fastq.gz;ftp.sra.ebi.ac.uk/vol1/fastq/ERR224/009/ERR2245569/ERR2245569_2.fastq.gz	fasp.sra.ebi.ac.uk:/vol1/fastq/ERR224/009/ERR2245569/ERR2245569_1.fastq.gz;fasp.sra.ebi.ac.uk:/vol1/fastq/ERR224/009/ERR2245569/ERR2245569_2.fastq.gz
SAMEA104469273	ERR2245570	ERX2297593	SAMEA104469273	ERS2087215	PRJEB24412	ERP106238		ERA1179977	UPSC-0117-R0012	UPSC-0117-E0012	UPSC-0117-S0012	UPSC-0117	PAIRED	RANDOM	TRANSCRIPTOMIC	RNA-Seq	col0-9-days-23C+3-days-16C-expA-rep3	Illumina HiSeq 2000	ILLUMINA	5234712032	25914416	3702	Arabidopsis thaliana	col0-9-days-23C+3-days-16C-expA-rep3	Illumina HiSeq 2000 paired end sequencing; PORCUPINE (PCP) regulates development in response to temperature variations through alternative splicing in Arabidopsis thaliana	PORCUPINE (PCP) regulates development in response to temperature variations through alternative splicing in Arabidopsis	Illumina HiSeq 2000 paired end sequencing; PORCUPINE (PCP) regulates development in response to temperature variations through alternative splicing in Arabidopsis thaliana	Col-0 biological replicate 3 collected after 9 days growth at 23 degrees C followed by 3 days growth at 16 degrees C (experiment A)	8144d2b789aa5de14e6ae5fb897fa0b7;da52ec9bac7d0de72b4631e42c05b0a6	2096578475;2100807581	ftp.sra.ebi.ac.uk/vol1/fastq/ERR224/000/ERR2245570/ERR2245570_1.fastq.gz;ftp.sra.ebi.ac.uk/vol1/fastq/ERR224/000/ERR2245570/ERR2245570_2.fastq.gz	ftp.sra.ebi.ac.uk/vol1/fastq/ERR224/000/ERR2245570/ERR2245570_1.fastq.gz;ftp.sra.ebi.ac.uk/vol1/fastq/ERR224/000/ERR2245570/ERR2245570_2.fastq.gz	fasp.sra.ebi.ac.uk:/vol1/fastq/ERR224/000/ERR2245570/ERR2245570_1.fastq.gz;fasp.sra.ebi.ac.uk:/vol1/fastq/ERR224/000/ERR2245570/ERR2245570_2.fastq.gz
SAMEA104469274	ERR2245571	ERX2297594	SAMEA104469274	ERS2087216	PRJEB24412	ERP106238		ERA1179977	UPSC-0117-R0013	UPSC-0117-E0013	UPSC-0117-S0013	UPSC-0117	PAIRED	RANDOM	TRANSCRIPTOMIC	RNA-Seq	col0-9-days-23C+3-days-16C-rep1	Illumina HiSeq 3000	ILLUMINA	20548618846	72150164	3702	Arabidopsis thaliana	col0-9-days-23C+3-days-16C-rep1	Illumina HiSeq 3000 paired end sequencing; PORCUPINE (PCP) regulates development in response to temperature variations through alternative splicing in Arabidopsis thaliana	PORCUPINE (PCP) regulates development in response to temperature variations through alternative splicing in Arabidopsis	Illumina HiSeq 3000 paired end sequencing; PORCUPINE (PCP) regulates development in response to temperature variations through alternative splicing in Arabidopsis thaliana	Col-0 biological replicate 1 collected after 9 days growth at 23 degrees C followed by 3 days growth at 16 degrees C	d8c46686d35d67d212333aa9e28659ad;8cefc725aed93dabbe59ab91cc102722	4667832092;5033185903	ftp.sra.ebi.ac.uk/vol1/fastq/ERR224/001/ERR2245571/ERR2245571_1.fastq.gz;ftp.sra.ebi.ac.uk/vol1/fastq/ERR224/001/ERR2245571/ERR2245571_2.fastq.gz	ftp.sra.ebi.ac.uk/vol1/fastq/ERR224/001/ERR2245571/ERR2245571_1.fastq.gz;ftp.sra.ebi.ac.uk/vol1/fastq/ERR224/001/ERR2245571/ERR2245571_2.fastq.gz	fasp.sra.ebi.ac.uk:/vol1/fastq/ERR224/001/ERR2245571/ERR2245571_1.fastq.gz;fasp.sra.ebi.ac.uk:/vol1/fastq/ERR224/001/ERR2245571/ERR2245571_2.fastq.gz
SAMEA104469275	ERR2245572	ERX2297595	SAMEA104469275	ERS2087217	PRJEB24412	ERP106238		ERA1179977	UPSC-0117-R0014	UPSC-0117-E0014	UPSC-0117-S0014	UPSC-0117	PAIRED	RANDOM	TRANSCRIPTOMIC	RNA-Seq	col0-9-days-23C+3-days-16C-rep2	Illumina HiSeq 3000	ILLUMINA	12888010000	45197701	3702	Arabidopsis thaliana	col0-9-days-23C+3-days-16C-rep2	Illumina HiSeq 3000 paired end sequencing; PORCUPINE (PCP) regulates development in response to temperature variations through alternative splicing in Arabidopsis thaliana	PORCUPINE (PCP) regulates development in response to temperature variations through alternative splicing in Arabidopsis	Illumina HiSeq 3000 paired end sequencing; PORCUPINE (PCP) regulates development in response to temperature variations through alternative splicing in Arabidopsis thaliana	Col-0 biological replicate 2 collected after 9 days growth at 23 degrees C followed by 3 days growth at 16 degrees C	933e835755bb70a30000bed9e818c752;13e5f046957e6afc200e1121eca54abd	3000438363;3267136648	ftp.sra.ebi.ac.uk/vol1/fastq/ERR224/002/ERR2245572/ERR2245572_1.fastq.gz;ftp.sra.ebi.ac.uk/vol1/fastq/ERR224/002/ERR2245572/ERR2245572_2.fastq.gz	ftp.sra.ebi.ac.uk/vol1/fastq/ERR224/002/ERR2245572/ERR2245572_1.fastq.gz;ftp.sra.ebi.ac.uk/vol1/fastq/ERR224/002/ERR2245572/ERR2245572_2.fastq.gz	fasp.sra.ebi.ac.uk:/vol1/fastq/ERR224/002/ERR2245572/ERR2245572_1.fastq.gz;fasp.sra.ebi.ac.uk:/vol1/fastq/ERR224/002/ERR2245572/ERR2245572_2.fastq.gz
SAMEA104469276	ERR2245573	ERX2297596	SAMEA104469276	ERS2087218	PRJEB24412	ERP106238		ERA1179977	UPSC-0117-R0015	UPSC-0117-E0015	UPSC-0117-S0015	UPSC-0117	PAIRED	RANDOM	TRANSCRIPTOMIC	RNA-Seq	col0-9-days-23C+3-days-16C-rep3	Illumina HiSeq 3000	ILLUMINA	10388529252	36317335	3702	Arabidopsis thaliana	col0-9-days-23C+3-days-16C-rep3	Illumina HiSeq 3000 paired end sequencing; PORCUPINE (PCP) regulates development in response to temperature variations through alternative splicing in Arabidopsis thaliana	PORCUPINE (PCP) regulates development in response to temperature variations through alternative splicing in Arabidopsis	Illumina HiSeq 3000 paired end sequencing; PORCUPINE (PCP) regulates development in response to temperature variations through alternative splicing in Arabidopsis thaliana	Col-0 biological replicate 3 collected after 9 days growth at 23 degrees C followed by 3 days growth at 16 degrees C	69e03d4795793c4f54a5181f29ce1bcf;df3aa15d2048ee13a2ba87ebf5736093	2427506114;2641193525	ftp.sra.ebi.ac.uk/vol1/fastq/ERR224/003/ERR2245573/ERR2245573_1.fastq.gz;ftp.sra.ebi.ac.uk/vol1/fastq/ERR224/003/ERR2245573/ERR2245573_2.fastq.gz	ftp.sra.ebi.ac.uk/vol1/fastq/ERR224/003/ERR2245573/ERR2245573_1.fastq.gz;ftp.sra.ebi.ac.uk/vol1/fastq/ERR224/003/ERR2245573/ERR2245573_2.fastq.gz	fasp.sra.ebi.ac.uk:/vol1/fastq/ERR224/003/ERR2245573/ERR2245573_1.fastq.gz;fasp.sra.ebi.ac.uk:/vol1/fastq/ERR224/003/ERR2245573/ERR2245573_2.fastq.gz
SAMEA104469277	ERR2245574	ERX2297597	SAMEA104469277	ERS2087219	PRJEB24412	ERP106238		ERA1179977	UPSC-0117-R0016	UPSC-0117-E0016	UPSC-0117-S0016	UPSC-0117	PAIRED	RANDOM	TRANSCRIPTOMIC	RNA-Seq	col0-9-days-23C+3-days-27C-expA-rep1	Illumina HiSeq 2000	ILLUMINA	4694379606	23239503	3702	Arabidopsis thaliana	col0-9-days-23C+3-days-27C-expA-rep1	Illumina HiSeq 2000 paired end sequencing; PORCUPINE (PCP) regulates development in response to temperature variations through alternative splicing in Arabidopsis thaliana	PORCUPINE (PCP) regulates development in response to temperature variations through alternative splicing in Arabidopsis	Illumina HiSeq 2000 paired end sequencing; PORCUPINE (PCP) regulates development in response to temperature variations through alternative splicing in Arabidopsis thaliana	Col-0 biological replicate 1 collected after 9 days growth at 23 degrees C followed by 3 days growth at 27 degrees C (experiment A)	af78dfd2662591266db5078a52d5b956;ede6a1f63f1a1d699a26f73790f30d12	1877312729;1885926786	ftp.sra.ebi.ac.uk/vol1/fastq/ERR224/004/ERR2245574/ERR2245574_1.fastq.gz;ftp.sra.ebi.ac.uk/vol1/fastq/ERR224/004/ERR2245574/ERR2245574_2.fastq.gz	ftp.sra.ebi.ac.uk/vol1/fastq/ERR224/004/ERR2245574/ERR2245574_1.fastq.gz;ftp.sra.ebi.ac.uk/vol1/fastq/ERR224/004/ERR2245574/ERR2245574_2.fastq.gz	fasp.sra.ebi.ac.uk:/vol1/fastq/ERR224/004/ERR2245574/ERR2245574_1.fastq.gz;fasp.sra.ebi.ac.uk:/vol1/fastq/ERR224/004/ERR2245574/ERR2245574_2.fastq.gz
SAMEA104469278	ERR2245575	ERX2297598	SAMEA104469278	ERS2087220	PRJEB24412	ERP106238		ERA1179977	UPSC-0117-R0017	UPSC-0117-E0017	UPSC-0117-S0017	UPSC-0117	PAIRED	RANDOM	TRANSCRIPTOMIC	RNA-Seq	col0-9-days-23C+3-days-27C-expA-rep2	Illumina HiSeq 2000	ILLUMINA	4757349268	23551234	3702	Arabidopsis thaliana	col0-9-days-23C+3-days-27C-expA-rep2	Illumina HiSeq 2000 paired end sequencing; PORCUPINE (PCP) regulates development in response to temperature variations through alternative splicing in Arabidopsis thaliana	PORCUPINE (PCP) regulates development in response to temperature variations through alternative splicing in Arabidopsis	Illumina HiSeq 2000 paired end sequencing; PORCUPINE (PCP) regulates development in response to temperature variations through alternative splicing in Arabidopsis thaliana	Col-0 biological replicate 2 collected after 9 days growth at 23 degrees C followed by 3 days growth at 27 degrees C (experiment A)	2404765677ad8c1bc32a6240cc9853bd;e8a72129e2c4a024b5dc26d51d844748	1892507105;1903167835	ftp.sra.ebi.ac.uk/vol1/fastq/ERR224/005/ERR2245575/ERR2245575_1.fastq.gz;ftp.sra.ebi.ac.uk/vol1/fastq/ERR224/005/ERR2245575/ERR2245575_2.fastq.gz	ftp.sra.ebi.ac.uk/vol1/fastq/ERR224/005/ERR2245575/ERR2245575_1.fastq.gz;ftp.sra.ebi.ac.uk/vol1/fastq/ERR224/005/ERR2245575/ERR2245575_2.fastq.gz	fasp.sra.ebi.ac.uk:/vol1/fastq/ERR224/005/ERR2245575/ERR2245575_1.fastq.gz;fasp.sra.ebi.ac.uk:/vol1/fastq/ERR224/005/ERR2245575/ERR2245575_2.fastq.gz
SAMEA104469279	ERR2245576	ERX2297599	SAMEA104469279	ERS2087221	PRJEB24412	ERP106238		ERA1179977	UPSC-0117-R0018	UPSC-0117-E0018	UPSC-0117-S0018	UPSC-0117	PAIRED	RANDOM	TRANSCRIPTOMIC	RNA-Seq	col0-9-days-23C+3-days-27C-expA-rep3	Illumina HiSeq 2000	ILLUMINA	3230870012	15994406	3702	Arabidopsis thaliana	col0-9-days-23C+3-days-27C-expA-rep3	Illumina HiSeq 2000 paired end sequencing; PORCUPINE (PCP) regulates development in response to temperature variations through alternative splicing in Arabidopsis thaliana	PORCUPINE (PCP) regulates development in response to temperature variations through alternative splicing in Arabidopsis	Illumina HiSeq 2000 paired end sequencing; PORCUPINE (PCP) regulates development in response to temperature variations through alternative splicing in Arabidopsis thaliana	Col-0 biological replicate 3 collected after 9 days growth at 23 degrees C followed by 3 days growth at 27 degrees C (experiment A)	21bf63e5223ef1252e36e36b91e5d789;1ed48af12e06206cd596baeb87fa3132	1291762359;1297223291	ftp.sra.ebi.ac.uk/vol1/fastq/ERR224/006/ERR2245576/ERR2245576_1.fastq.gz;ftp.sra.ebi.ac.uk/vol1/fastq/ERR224/006/ERR2245576/ERR2245576_2.fastq.gz	ftp.sra.ebi.ac.uk/vol1/fastq/ERR224/006/ERR2245576/ERR2245576_1.fastq.gz;ftp.sra.ebi.ac.uk/vol1/fastq/ERR224/006/ERR2245576/ERR2245576_2.fastq.gz	fasp.sra.ebi.ac.uk:/vol1/fastq/ERR224/006/ERR2245576/ERR2245576_1.fastq.gz;fasp.sra.ebi.ac.uk:/vol1/fastq/ERR224/006/ERR2245576/ERR2245576_2.fastq.gz
SAMEA104469280	ERR2245577	ERX2297600	SAMEA104469280	ERS2087222	PRJEB24412	ERP106238		ERA1179977	UPSC-0117-R0019	UPSC-0117-E0019	UPSC-0117-S0019	UPSC-0117	PAIRED	RANDOM	TRANSCRIPTOMIC	RNA-Seq	col0-12-days-23C-expA-rep1	Illumina HiSeq 2000	ILLUMINA	6602721278	32686739	3702	Arabidopsis thaliana	col0-12-days-23C-expA-rep1	Illumina HiSeq 2000 paired end sequencing; PORCUPINE (PCP) regulates development in response to temperature variations through alternative splicing in Arabidopsis thaliana	PORCUPINE (PCP) regulates development in response to temperature variations through alternative splicing in Arabidopsis	Illumina HiSeq 2000 paired end sequencing; PORCUPINE (PCP) regulates development in response to temperature variations through alternative splicing in Arabidopsis thaliana	Col-0 biological replicate 1 collected after 12 days growth at 23 degrees C (experiment A)	3dd302002a8718ce5b69414974a44c8f;92eabf81f0d11a240b9a4dff38c92060	2636774330;2646443552	ftp.sra.ebi.ac.uk/vol1/fastq/ERR224/007/ERR2245577/ERR2245577_1.fastq.gz;ftp.sra.ebi.ac.uk/vol1/fastq/ERR224/007/ERR2245577/ERR2245577_2.fastq.gz	ftp.sra.ebi.ac.uk/vol1/fastq/ERR224/007/ERR2245577/ERR2245577_1.fastq.gz;ftp.sra.ebi.ac.uk/vol1/fastq/ERR224/007/ERR2245577/ERR2245577_2.fastq.gz	fasp.sra.ebi.ac.uk:/vol1/fastq/ERR224/007/ERR2245577/ERR2245577_1.fastq.gz;fasp.sra.ebi.ac.uk:/vol1/fastq/ERR224/007/ERR2245577/ERR2245577_2.fastq.gz
SAMEA104469281	ERR2245578	ERX2297601	SAMEA104469281	ERS2087223	PRJEB24412	ERP106238		ERA1179977	UPSC-0117-R0020	UPSC-0117-E0020	UPSC-0117-S0020	UPSC-0117	PAIRED	RANDOM	TRANSCRIPTOMIC	RNA-Seq	col0-12-days-23C-expA-rep2	Illumina HiSeq 2000	ILLUMINA	4731380956	23422678	3702	Arabidopsis thaliana	col0-12-days-23C-expA-rep2	Illumina HiSeq 2000 paired end sequencing; PORCUPINE (PCP) regulates development in response to temperature variations through alternative splicing in Arabidopsis thaliana	PORCUPINE (PCP) regulates development in response to temperature variations through alternative splicing in Arabidopsis	Illumina HiSeq 2000 paired end sequencing; PORCUPINE (PCP) regulates development in response to temperature variations through alternative splicing in Arabidopsis thaliana	Col-0 biological replicate 2 collected after 12 days growth at 23 degrees C (experiment A)	1173b697ed135a4369d2bc1dae195832;1bb8f625304cb47da4b45507695ed0c6	1878024397;1888749708	ftp.sra.ebi.ac.uk/vol1/fastq/ERR224/008/ERR2245578/ERR2245578_1.fastq.gz;ftp.sra.ebi.ac.uk/vol1/fastq/ERR224/008/ERR2245578/ERR2245578_2.fastq.gz	ftp.sra.ebi.ac.uk/vol1/fastq/ERR224/008/ERR2245578/ERR2245578_1.fastq.gz;ftp.sra.ebi.ac.uk/vol1/fastq/ERR224/008/ERR2245578/ERR2245578_2.fastq.gz	fasp.sra.ebi.ac.uk:/vol1/fastq/ERR224/008/ERR2245578/ERR2245578_1.fastq.gz;fasp.sra.ebi.ac.uk:/vol1/fastq/ERR224/008/ERR2245578/ERR2245578_2.fastq.gz
SAMEA104469282	ERR2245579	ERX2297602	SAMEA104469282	ERS2087224	PRJEB24412	ERP106238		ERA1179977	UPSC-0117-R0021	UPSC-0117-E0021	UPSC-0117-S0021	UPSC-0117	PAIRED	RANDOM	TRANSCRIPTOMIC	RNA-Seq	col0-12-days-23C-expA-rep3	Illumina HiSeq 2000	ILLUMINA	4726283688	23397444	3702	Arabidopsis thaliana	col0-12-days-23C-expA-rep3	Illumina HiSeq 2000 paired end sequencing; PORCUPINE (PCP) regulates development in response to temperature variations through alternative splicing in Arabidopsis thaliana	PORCUPINE (PCP) regulates development in response to temperature variations through alternative splicing in Arabidopsis	Illumina HiSeq 2000 paired end sequencing; PORCUPINE (PCP) regulates development in response to temperature variations through alternative splicing in Arabidopsis thaliana	Col-0 biological replicate 3 collected after 12 days growth at 23 degrees C (experiment A)	98a8499a7b399676db3ca00652e3ed08;f0a811241169a97d08bd6b0287b00ea2	1892341560;1901319092	ftp.sra.ebi.ac.uk/vol1/fastq/ERR224/009/ERR2245579/ERR2245579_1.fastq.gz;ftp.sra.ebi.ac.uk/vol1/fastq/ERR224/009/ERR2245579/ERR2245579_2.fastq.gz	ftp.sra.ebi.ac.uk/vol1/fastq/ERR224/009/ERR2245579/ERR2245579_1.fastq.gz;ftp.sra.ebi.ac.uk/vol1/fastq/ERR224/009/ERR2245579/ERR2245579_2.fastq.gz	fasp.sra.ebi.ac.uk:/vol1/fastq/ERR224/009/ERR2245579/ERR2245579_1.fastq.gz;fasp.sra.ebi.ac.uk:/vol1/fastq/ERR224/009/ERR2245579/ERR2245579_2.fastq.gz
SAMEA104469283	ERR2245580	ERX2297603	SAMEA104469283	ERS2087225	PRJEB24412	ERP106238		ERA1179977	UPSC-0117-R0022	UPSC-0117-E0022	UPSC-0117-S0022	UPSC-0117	PAIRED	RANDOM	TRANSCRIPTOMIC	RNA-Seq	pcp-9-days-16C+3-days-23C-rep1-rerun	Illumina HiSeq 3000	ILLUMINA	59957208171	213853250	3702	Arabidopsis thaliana	pcp-9-days-16C+3-days-23C-rep1-rerun	Illumina HiSeq 3000 paired end sequencing; PORCUPINE (PCP) regulates development in response to temperature variations through alternative splicing in Arabidopsis thaliana	PORCUPINE (PCP) regulates development in response to temperature variations through alternative splicing in Arabidopsis	Illumina HiSeq 3000 paired end sequencing; PORCUPINE (PCP) regulates development in response to temperature variations through alternative splicing in Arabidopsis thaliana	pcp mutant biological replicate 1 collected after 9 days growth at 16 degrees C followed by 3 days growth at 23 degrees C rerun	f661b7f0b57edae6dcdf30e1a04243fe;45043621bf04b7d1c7e471495100dda9	11697724843;12107725785	ftp.sra.ebi.ac.uk/vol1/fastq/ERR224/000/ERR2245580/ERR2245580_1.fastq.gz;ftp.sra.ebi.ac.uk/vol1/fastq/ERR224/000/ERR2245580/ERR2245580_2.fastq.gz	ftp.sra.ebi.ac.uk/vol1/fastq/ERR224/000/ERR2245580/ERR2245580_1.fastq.gz;ftp.sra.ebi.ac.uk/vol1/fastq/ERR224/000/ERR2245580/ERR2245580_2.fastq.gz	fasp.sra.ebi.ac.uk:/vol1/fastq/ERR224/000/ERR2245580/ERR2245580_1.fastq.gz;fasp.sra.ebi.ac.uk:/vol1/fastq/ERR224/000/ERR2245580/ERR2245580_2.fastq.gz
SAMEA104469284	ERR2245581	ERX2297604	SAMEA104469284	ERS2087226	PRJEB24412	ERP106238		ERA1179977	UPSC-0117-R0023	UPSC-0117-E0023	UPSC-0117-S0023	UPSC-0117	PAIRED	RANDOM	TRANSCRIPTOMIC	RNA-Seq	pcp-9-days-16C+3-days-23C-rep1	Illumina HiSeq 3000	ILLUMINA	14994688314	53035681	3702	Arabidopsis thaliana	pcp-9-days-16C+3-days-23C-rep1	Illumina HiSeq 3000 paired end sequencing; PORCUPINE (PCP) regulates development in response to temperature variations through alternative splicing in Arabidopsis thaliana	PORCUPINE (PCP) regulates development in response to temperature variations through alternative splicing in Arabidopsis	Illumina HiSeq 3000 paired end sequencing; PORCUPINE (PCP) regulates development in response to temperature variations through alternative splicing in Arabidopsis thaliana	pcp mutant biological replicate 1 collected after 9 days growth at 16 degrees C followed by 3 days growth at 23 degrees C	b7d2c89a4f2a055d97a415da143fa711;c76b56689f594a24f431898a5e2cb8c8	2861740909;3157150348	ftp.sra.ebi.ac.uk/vol1/fastq/ERR224/001/ERR2245581/ERR2245581_1.fastq.gz;ftp.sra.ebi.ac.uk/vol1/fastq/ERR224/001/ERR2245581/ERR2245581_2.fastq.gz	ftp.sra.ebi.ac.uk/vol1/fastq/ERR224/001/ERR2245581/ERR2245581_1.fastq.gz;ftp.sra.ebi.ac.uk/vol1/fastq/ERR224/001/ERR2245581/ERR2245581_2.fastq.gz	fasp.sra.ebi.ac.uk:/vol1/fastq/ERR224/001/ERR2245581/ERR2245581_1.fastq.gz;fasp.sra.ebi.ac.uk:/vol1/fastq/ERR224/001/ERR2245581/ERR2245581_2.fastq.gz
SAMEA104469285	ERR2245582	ERX2297605	SAMEA104469285	ERS2087227	PRJEB24412	ERP106238		ERA1179977	UPSC-0117-R0024	UPSC-0117-E0024	UPSC-0117-S0024	UPSC-0117	PAIRED	RANDOM	TRANSCRIPTOMIC	RNA-Seq	pcp-9-days-16C+3-days-23C-rep2-rerun	Illumina HiSeq 3000	ILLUMINA	56115431770	201676655	3702	Arabidopsis thaliana	pcp-9-days-16C+3-days-23C-rep2-rerun	Illumina HiSeq 3000 paired end sequencing; PORCUPINE (PCP) regulates development in response to temperature variations through alternative splicing in Arabidopsis thaliana	PORCUPINE (PCP) regulates development in response to temperature variations through alternative splicing in Arabidopsis	Illumina HiSeq 3000 paired end sequencing; PORCUPINE (PCP) regulates development in response to temperature variations through alternative splicing in Arabidopsis thaliana	pcp mutant biological replicate 2 collected after 9 days growth at 16 degrees C followed by 3 days growth at 23 degrees C rerun	07cd2ad0412c875a5f747761c30828e3;7e367923923504a859e4c5031216a125	10475161239;10737066820	ftp.sra.ebi.ac.uk/vol1/fastq/ERR224/002/ERR2245582/ERR2245582_1.fastq.gz;ftp.sra.ebi.ac.uk/vol1/fastq/ERR224/002/ERR2245582/ERR2245582_2.fastq.gz	ftp.sra.ebi.ac.uk/vol1/fastq/ERR224/002/ERR2245582/ERR2245582_1.fastq.gz;ftp.sra.ebi.ac.uk/vol1/fastq/ERR224/002/ERR2245582/ERR2245582_2.fastq.gz	fasp.sra.ebi.ac.uk:/vol1/fastq/ERR224/002/ERR2245582/ERR2245582_1.fastq.gz;fasp.sra.ebi.ac.uk:/vol1/fastq/ERR224/002/ERR2245582/ERR2245582_2.fastq.gz
SAMEA104469286	ERR2245583	ERX2297606	SAMEA104469286	ERS2087228	PRJEB24412	ERP106238		ERA1179977	UPSC-0117-R0025	UPSC-0117-E0025	UPSC-0117-S0025	UPSC-0117	PAIRED	RANDOM	TRANSCRIPTOMIC	RNA-Seq	pcp-9-days-16C+3-days-23C-rep2	Illumina HiSeq 3000	ILLUMINA	12838822574	45786931	3702	Arabidopsis thaliana	pcp-9-days-16C+3-days-23C-rep2	Illumina HiSeq 3000 paired end sequencing; PORCUPINE (PCP) regulates development in response to temperature variations through alternative splicing in Arabidopsis thaliana	PORCUPINE (PCP) regulates development in response to temperature variations through alternative splicing in Arabidopsis	Illumina HiSeq 3000 paired end sequencing; PORCUPINE (PCP) regulates development in response to temperature variations through alternative splicing in Arabidopsis thaliana	pcp mutant biological replicate 2 collected after 9 days growth at 16 degrees C followed by 3 days growth at 23 degrees C	00c46874d43a9a55edf8c8d92feb139a;50d6f817be71f6765694e5dfd3ee723d	2350952424;2554228401	ftp.sra.ebi.ac.uk/vol1/fastq/ERR224/003/ERR2245583/ERR2245583_1.fastq.gz;ftp.sra.ebi.ac.uk/vol1/fastq/ERR224/003/ERR2245583/ERR2245583_2.fastq.gz	ftp.sra.ebi.ac.uk/vol1/fastq/ERR224/003/ERR2245583/ERR2245583_1.fastq.gz;ftp.sra.ebi.ac.uk/vol1/fastq/ERR224/003/ERR2245583/ERR2245583_2.fastq.gz	fasp.sra.ebi.ac.uk:/vol1/fastq/ERR224/003/ERR2245583/ERR2245583_1.fastq.gz;fasp.sra.ebi.ac.uk:/vol1/fastq/ERR224/003/ERR2245583/ERR2245583_2.fastq.gz
SAMEA104469287	ERR2245584	ERX2297607	SAMEA104469287	ERS2087229	PRJEB24412	ERP106238		ERA1179977	UPSC-0117-R0026	UPSC-0117-E0026	UPSC-0117-S0026	UPSC-0117	PAIRED	RANDOM	TRANSCRIPTOMIC	RNA-Seq	pcp-9-days-16C+3-days-23C-rep3	Illumina HiSeq 3000	ILLUMINA	14555610042	50766841	3702	Arabidopsis thaliana	pcp-9-days-16C+3-days-23C-rep3	Illumina HiSeq 3000 paired end sequencing; PORCUPINE (PCP) regulates development in response to temperature variations through alternative splicing in Arabidopsis thaliana	PORCUPINE (PCP) regulates development in response to temperature variations through alternative splicing in Arabidopsis	Illumina HiSeq 3000 paired end sequencing; PORCUPINE (PCP) regulates development in response to temperature variations through alternative splicing in Arabidopsis thaliana	pcp mutant biological replicate 3 collected after 9 days growth at 16 degrees C followed by 3 days growth at 23 degrees C	1d18074d2ffec907a1ae1e5609c28742;7f2a55019a64e318a64ab3d3c2d3c648	3308331854;3699430193	ftp.sra.ebi.ac.uk/vol1/fastq/ERR224/004/ERR2245584/ERR2245584_1.fastq.gz;ftp.sra.ebi.ac.uk/vol1/fastq/ERR224/004/ERR2245584/ERR2245584_2.fastq.gz	ftp.sra.ebi.ac.uk/vol1/fastq/ERR224/004/ERR2245584/ERR2245584_1.fastq.gz;ftp.sra.ebi.ac.uk/vol1/fastq/ERR224/004/ERR2245584/ERR2245584_2.fastq.gz	fasp.sra.ebi.ac.uk:/vol1/fastq/ERR224/004/ERR2245584/ERR2245584_1.fastq.gz;fasp.sra.ebi.ac.uk:/vol1/fastq/ERR224/004/ERR2245584/ERR2245584_2.fastq.gz
SAMEA104469288	ERR2245585	ERX2297608	SAMEA104469288	ERS2087230	PRJEB24412	ERP106238		ERA1179977	UPSC-0117-R0027	UPSC-0117-E0027	UPSC-0117-S0027	UPSC-0117	PAIRED	RANDOM	TRANSCRIPTOMIC	RNA-Seq	pcp-9-days-23C+3-days-16C-rep1	Illumina HiSeq 3000	ILLUMINA	14282969632	50307767	3702	Arabidopsis thaliana	pcp-9-days-23C+3-days-16C-rep1	Illumina HiSeq 3000 paired end sequencing; PORCUPINE (PCP) regulates development in response to temperature variations through alternative splicing in Arabidopsis thaliana	PORCUPINE (PCP) regulates development in response to temperature variations through alternative splicing in Arabidopsis	Illumina HiSeq 3000 paired end sequencing; PORCUPINE (PCP) regulates development in response to temperature variations through alternative splicing in Arabidopsis thaliana	pcp mutant biological replicate 1 collected after 9 days growth at 23 degrees C followed by 3 days growth at 16 degrees C	ec1ef8f773ebe359fe3881aa90a44ff3;29919a02485b80fd06cbf1ea3c7a63e5	3204596522;3489794252	ftp.sra.ebi.ac.uk/vol1/fastq/ERR224/005/ERR2245585/ERR2245585_1.fastq.gz;ftp.sra.ebi.ac.uk/vol1/fastq/ERR224/005/ERR2245585/ERR2245585_2.fastq.gz	ftp.sra.ebi.ac.uk/vol1/fastq/ERR224/005/ERR2245585/ERR2245585_1.fastq.gz;ftp.sra.ebi.ac.uk/vol1/fastq/ERR224/005/ERR2245585/ERR2245585_2.fastq.gz	fasp.sra.ebi.ac.uk:/vol1/fastq/ERR224/005/ERR2245585/ERR2245585_1.fastq.gz;fasp.sra.ebi.ac.uk:/vol1/fastq/ERR224/005/ERR2245585/ERR2245585_2.fastq.gz
SAMEA104469289	ERR2245586	ERX2297609	SAMEA104469289	ERS2087231	PRJEB24412	ERP106238		ERA1179977	UPSC-0117-R0028	UPSC-0117-E0028	UPSC-0117-S0028	UPSC-0117	PAIRED	RANDOM	TRANSCRIPTOMIC	RNA-Seq	pcp-9-days-23C+3-days-16C-rep2	Illumina HiSeq 3000	ILLUMINA	12485091492	43991403	3702	Arabidopsis thaliana	pcp-9-days-23C+3-days-16C-rep2	Illumina HiSeq 3000 paired end sequencing; PORCUPINE (PCP) regulates development in response to temperature variations through alternative splicing in Arabidopsis thaliana	PORCUPINE (PCP) regulates development in response to temperature variations through alternative splicing in Arabidopsis	Illumina HiSeq 3000 paired end sequencing; PORCUPINE (PCP) regulates development in response to temperature variations through alternative splicing in Arabidopsis thaliana	pcp mutant biological replicate 2 collected after 9 days growth at 23 degrees C followed by 3 days growth at 16 degrees C	e14d0f957614256e7995a741357d774b;9ed69e428f43c1e4dc5b0a797808f916	2803868156;3095363780	ftp.sra.ebi.ac.uk/vol1/fastq/ERR224/006/ERR2245586/ERR2245586_1.fastq.gz;ftp.sra.ebi.ac.uk/vol1/fastq/ERR224/006/ERR2245586/ERR2245586_2.fastq.gz	ftp.sra.ebi.ac.uk/vol1/fastq/ERR224/006/ERR2245586/ERR2245586_1.fastq.gz;ftp.sra.ebi.ac.uk/vol1/fastq/ERR224/006/ERR2245586/ERR2245586_2.fastq.gz	fasp.sra.ebi.ac.uk:/vol1/fastq/ERR224/006/ERR2245586/ERR2245586_1.fastq.gz;fasp.sra.ebi.ac.uk:/vol1/fastq/ERR224/006/ERR2245586/ERR2245586_2.fastq.gz
SAMEA104469290	ERR2245587	ERX2297610	SAMEA104469290	ERS2087232	PRJEB24412	ERP106238		ERA1179977	UPSC-0117-R0029	UPSC-0117-E0029	UPSC-0117-S0029	UPSC-0117	PAIRED	RANDOM	TRANSCRIPTOMIC	RNA-Seq	pcp-9-days-23C+3-days-16C-rep3	Illumina HiSeq 3000	ILLUMINA	12089273918	42284016	3702	Arabidopsis thaliana	pcp-9-days-23C+3-days-16C-rep3	Illumina HiSeq 3000 paired end sequencing; PORCUPINE (PCP) regulates development in response to temperature variations through alternative splicing in Arabidopsis thaliana	PORCUPINE (PCP) regulates development in response to temperature variations through alternative splicing in Arabidopsis	Illumina HiSeq 3000 paired end sequencing; PORCUPINE (PCP) regulates development in response to temperature variations through alternative splicing in Arabidopsis thaliana	pcp mutant biological replicate 3 collected after 9 days growth at 23 degrees C followed by 3 days growth at 16 degrees C	88f1ded67d80fe1ecaee5c30bb8533d7;78a06f4f98b0c6b51744dcd0011621a7	2730200430;2972013548	ftp.sra.ebi.ac.uk/vol1/fastq/ERR224/007/ERR2245587/ERR2245587_1.fastq.gz;ftp.sra.ebi.ac.uk/vol1/fastq/ERR224/007/ERR2245587/ERR2245587_2.fastq.gz	ftp.sra.ebi.ac.uk/vol1/fastq/ERR224/007/ERR2245587/ERR2245587_1.fastq.gz;ftp.sra.ebi.ac.uk/vol1/fastq/ERR224/007/ERR2245587/ERR2245587_2.fastq.gz	fasp.sra.ebi.ac.uk:/vol1/fastq/ERR224/007/ERR2245587/ERR2245587_1.fastq.gz;fasp.sra.ebi.ac.uk:/vol1/fastq/ERR224/007/ERR2245587/ERR2245587_2.fastq.gz
SAMEA104469291	ERR2245588	ERX2297611	SAMEA104469291	ERS2087233	PRJEB24412	ERP106238		ERA1179977	UPSC-0117-R0030	UPSC-0117-E0030	UPSC-0117-S0030	UPSC-0117	PAIRED	RANDOM	TRANSCRIPTOMIC	RNA-Seq	pcp-9days-16C-rep1	Illumina HiSeq 3000	ILLUMINA	15655876133	54491682	3702	Arabidopsis thaliana	pcp-9days-16C-rep1	Illumina HiSeq 3000 paired end sequencing; PORCUPINE (PCP) regulates development in response to temperature variations through alternative splicing in Arabidopsis thaliana	PORCUPINE (PCP) regulates development in response to temperature variations through alternative splicing in Arabidopsis	Illumina HiSeq 3000 paired end sequencing; PORCUPINE (PCP) regulates development in response to temperature variations through alternative splicing in Arabidopsis thaliana	pcp mutant biological replicate 1 collected after 9 days growth at 16 degrees C	d1f0f6b9af79c96f154a8256ce256936;7935fb1bef69000a31330ea2513dba6c	3393366990;3849044450	ftp.sra.ebi.ac.uk/vol1/fastq/ERR224/008/ERR2245588/ERR2245588_1.fastq.gz;ftp.sra.ebi.ac.uk/vol1/fastq/ERR224/008/ERR2245588/ERR2245588_2.fastq.gz	ftp.sra.ebi.ac.uk/vol1/fastq/ERR224/008/ERR2245588/ERR2245588_1.fastq.gz;ftp.sra.ebi.ac.uk/vol1/fastq/ERR224/008/ERR2245588/ERR2245588_2.fastq.gz	fasp.sra.ebi.ac.uk:/vol1/fastq/ERR224/008/ERR2245588/ERR2245588_1.fastq.gz;fasp.sra.ebi.ac.uk:/vol1/fastq/ERR224/008/ERR2245588/ERR2245588_2.fastq.gz
SAMEA104469292	ERR2245589	ERX2297612	SAMEA104469292	ERS2087234	PRJEB24412	ERP106238		ERA1179977	UPSC-0117-R0031	UPSC-0117-E0031	UPSC-0117-S0031	UPSC-0117	PAIRED	RANDOM	TRANSCRIPTOMIC	RNA-Seq	pcp-9days-16C-rep2	Illumina HiSeq 3000	ILLUMINA	15154098888	53164725	3702	Arabidopsis thaliana	pcp-9days-16C-rep2	Illumina HiSeq 3000 paired end sequencing; PORCUPINE (PCP) regulates development in response to temperature variations through alternative splicing in Arabidopsis thaliana	PORCUPINE (PCP) regulates development in response to temperature variations through alternative splicing in Arabidopsis	Illumina HiSeq 3000 paired end sequencing; PORCUPINE (PCP) regulates development in response to temperature variations through alternative splicing in Arabidopsis thaliana	pcp mutant biological replicate 2 collected after 9 days growth at 16 degrees C	d0e2e888ea479281ae13cae7052b4913;e5a3e5eaed6e21651af1bab7a0da82b9	3156881950;3516469349	ftp.sra.ebi.ac.uk/vol1/fastq/ERR224/009/ERR2245589/ERR2245589_1.fastq.gz;ftp.sra.ebi.ac.uk/vol1/fastq/ERR224/009/ERR2245589/ERR2245589_2.fastq.gz	ftp.sra.ebi.ac.uk/vol1/fastq/ERR224/009/ERR2245589/ERR2245589_1.fastq.gz;ftp.sra.ebi.ac.uk/vol1/fastq/ERR224/009/ERR2245589/ERR2245589_2.fastq.gz	fasp.sra.ebi.ac.uk:/vol1/fastq/ERR224/009/ERR2245589/ERR2245589_1.fastq.gz;fasp.sra.ebi.ac.uk:/vol1/fastq/ERR224/009/ERR2245589/ERR2245589_2.fastq.gz
SAMEA104469293	ERR2245590	ERX2297613	SAMEA104469293	ERS2087235	PRJEB24412	ERP106238		ERA1179977	UPSC-0117-R0032	UPSC-0117-E0032	UPSC-0117-S0032	UPSC-0117	PAIRED	RANDOM	TRANSCRIPTOMIC	RNA-Seq	pcp-9days-16C-rep3	Illumina HiSeq 3000	ILLUMINA	14216332092	50106245	3702	Arabidopsis thaliana	pcp-9days-16C-rep3	Illumina HiSeq 3000 paired end sequencing; PORCUPINE (PCP) regulates development in response to temperature variations through alternative splicing in Arabidopsis thaliana	PORCUPINE (PCP) regulates development in response to temperature variations through alternative splicing in Arabidopsis	Illumina HiSeq 3000 paired end sequencing; PORCUPINE (PCP) regulates development in response to temperature variations through alternative splicing in Arabidopsis thaliana	pcp mutant biological replicate 3 collected after 9 days growth at 16 degrees C	8c651370edd1996528033fbb8555cec7;8815a71562f6beca1f234d4f001dd0cf	2947807034;3278892541	ftp.sra.ebi.ac.uk/vol1/fastq/ERR224/000/ERR2245590/ERR2245590_1.fastq.gz;ftp.sra.ebi.ac.uk/vol1/fastq/ERR224/000/ERR2245590/ERR2245590_2.fastq.gz	ftp.sra.ebi.ac.uk/vol1/fastq/ERR224/000/ERR2245590/ERR2245590_1.fastq.gz;ftp.sra.ebi.ac.uk/vol1/fastq/ERR224/000/ERR2245590/ERR2245590_2.fastq.gz	fasp.sra.ebi.ac.uk:/vol1/fastq/ERR224/000/ERR2245590/ERR2245590_1.fastq.gz;fasp.sra.ebi.ac.uk:/vol1/fastq/ERR224/000/ERR2245590/ERR2245590_2.fastq.gz
SAMEA104469294	ERR2245591	ERX2297614	SAMEA104469294	ERS2087236	PRJEB24412	ERP106238		ERA1179977	UPSC-0117-R0033	UPSC-0117-E0033	UPSC-0117-S0033	UPSC-0117	PAIRED	RANDOM	TRANSCRIPTOMIC	RNA-Seq	pcp-9days-23C-rep1	Illumina HiSeq 3000	ILLUMINA	13974567679	49287105	3702	Arabidopsis thaliana	pcp-9days-23C-rep1	Illumina HiSeq 3000 paired end sequencing; PORCUPINE (PCP) regulates development in response to temperature variations through alternative splicing in Arabidopsis thaliana	PORCUPINE (PCP) regulates development in response to temperature variations through alternative splicing in Arabidopsis	Illumina HiSeq 3000 paired end sequencing; PORCUPINE (PCP) regulates development in response to temperature variations through alternative splicing in Arabidopsis thaliana	pcp mutant biological replicate 1 collected after 9 days growth at 23 degrees C	31eeae2b879919eea304e210878e026d;e0268eb8e8123ca0c2c0127fc28d105b	3178841726;3479538881	ftp.sra.ebi.ac.uk/vol1/fastq/ERR224/001/ERR2245591/ERR2245591_1.fastq.gz;ftp.sra.ebi.ac.uk/vol1/fastq/ERR224/001/ERR2245591/ERR2245591_2.fastq.gz	ftp.sra.ebi.ac.uk/vol1/fastq/ERR224/001/ERR2245591/ERR2245591_1.fastq.gz;ftp.sra.ebi.ac.uk/vol1/fastq/ERR224/001/ERR2245591/ERR2245591_2.fastq.gz	fasp.sra.ebi.ac.uk:/vol1/fastq/ERR224/001/ERR2245591/ERR2245591_1.fastq.gz;fasp.sra.ebi.ac.uk:/vol1/fastq/ERR224/001/ERR2245591/ERR2245591_2.fastq.gz
SAMEA104469295	ERR2245592	ERX2297615	SAMEA104469295	ERS2087237	PRJEB24412	ERP106238		ERA1179977	UPSC-0117-R0034	UPSC-0117-E0034	UPSC-0117-S0034	UPSC-0117	PAIRED	RANDOM	TRANSCRIPTOMIC	RNA-Seq	pcp-9days-23C-rep2	Illumina HiSeq 3000	ILLUMINA	14590117138	51113072	3702	Arabidopsis thaliana	pcp-9days-23C-rep2	Illumina HiSeq 3000 paired end sequencing; PORCUPINE (PCP) regulates development in response to temperature variations through alternative splicing in Arabidopsis thaliana	PORCUPINE (PCP) regulates development in response to temperature variations through alternative splicing in Arabidopsis	Illumina HiSeq 3000 paired end sequencing; PORCUPINE (PCP) regulates development in response to temperature variations through alternative splicing in Arabidopsis thaliana	pcp mutant biological replicate 2 collected after 9 days growth at 23 degrees C	41fee479c1c4ec1caf17fde22c71913f;3f863024ee27266ade846c0269734007	3319581261;3600042134	ftp.sra.ebi.ac.uk/vol1/fastq/ERR224/002/ERR2245592/ERR2245592_1.fastq.gz;ftp.sra.ebi.ac.uk/vol1/fastq/ERR224/002/ERR2245592/ERR2245592_2.fastq.gz	ftp.sra.ebi.ac.uk/vol1/fastq/ERR224/002/ERR2245592/ERR2245592_1.fastq.gz;ftp.sra.ebi.ac.uk/vol1/fastq/ERR224/002/ERR2245592/ERR2245592_2.fastq.gz	fasp.sra.ebi.ac.uk:/vol1/fastq/ERR224/002/ERR2245592/ERR2245592_1.fastq.gz;fasp.sra.ebi.ac.uk:/vol1/fastq/ERR224/002/ERR2245592/ERR2245592_2.fastq.gz
SAMEA104469296	ERR2245593	ERX2297616	SAMEA104469296	ERS2087238	PRJEB24412	ERP106238		ERA1179977	UPSC-0117-R0035	UPSC-0117-E0035	UPSC-0117-S0035	UPSC-0117	PAIRED	RANDOM	TRANSCRIPTOMIC	RNA-Seq	pcp-9days-23C-rep3	Illumina HiSeq 3000	ILLUMINA	13269463058	46468379	3702	Arabidopsis thaliana	pcp-9days-23C-rep3	Illumina HiSeq 3000 paired end sequencing; PORCUPINE (PCP) regulates development in response to temperature variations through alternative splicing in Arabidopsis thaliana	PORCUPINE (PCP) regulates development in response to temperature variations through alternative splicing in Arabidopsis	Illumina HiSeq 3000 paired end sequencing; PORCUPINE (PCP) regulates development in response to temperature variations through alternative splicing in Arabidopsis thaliana	pcp mutant biological replicate 3 collected after 9 days growth at 23 degrees C	32c0402f5cd6c09aad04cf8a408a013c;ad0e8b6bbf3e03f316ba3b33d2aa3829	3088589492;3383573874	ftp.sra.ebi.ac.uk/vol1/fastq/ERR224/003/ERR2245593/ERR2245593_1.fastq.gz;ftp.sra.ebi.ac.uk/vol1/fastq/ERR224/003/ERR2245593/ERR2245593_2.fastq.gz	ftp.sra.ebi.ac.uk/vol1/fastq/ERR224/003/ERR2245593/ERR2245593_1.fastq.gz;ftp.sra.ebi.ac.uk/vol1/fastq/ERR224/003/ERR2245593/ERR2245593_2.fastq.gz	fasp.sra.ebi.ac.uk:/vol1/fastq/ERR224/003/ERR2245593/ERR2245593_1.fastq.gz;fasp.sra.ebi.ac.uk:/vol1/fastq/ERR224/003/ERR2245593/ERR2245593_2.fastq.gz
